{
    "tag_factory": {
        "__ModuleName__": "Framework.TagFactory",
        "__ClassName__": "TagFactory",
        "__ClassData__": {
            "current": 43,
            "f_tag": "tag_factory"
        }
    },
    "Ex1": {
        "__ModuleName__": "Framework.TopDiagram",
        "__ClassName__": "TopDiagram",
        "__ClassData__": {
            "_Component__parent": null,
            "_Component__tag": "Ex1",
            "_Component__name": "Top",
            "_Component__comment": "",
            "_dict": {},
            "_frame": null,
            "view": {},
            "_Composite__children": [
                "Ex9",
                "Ex14",
                "Ex19",
                "Ex26",
                "Ex27",
                "Ex28",
                "Ex32",
                "Ex33",
                "Ex34",
                "Ex41",
                "Ex42"
            ],
            "type": "Function Block Diagram",
            "factorys": {}
        }
    },
    "Ex9": {
        "__ModuleName__": "FunctionBlock.GeneratorFun",
        "__ClassName__": "GeneratorFun",
        "__ClassData__": {
            "_Component__parent": "Ex1",
            "_Component__tag": "Ex9",
            "_Component__name": "Sin1",
            "_Component__comment": "信号发生器",
            "_dict": {},
            "_frame": null,
            "view": {},
            "_Composite__children": [
                "Ex10",
                "Ex11",
                "Ex12",
                "Ex13"
            ],
            "_caption_height": 20,
            "top_offset": 0,
            "x": 56.0,
            "y": 52.0,
            "width": 80,
            "bottom_margin": 0.5,
            "last_pos": 2,
            "strategy": {
                "__ModuleName__": "FunctionBlock.GeneratorStrategy",
                "__ClassName__": "GeneratorStrategy",
                "__ClassData__": {
                    "key": "Ex9",
                    "generator": {
                        "__ModuleName__": "FunctionBlock.SinGenerator",
                        "__ClassName__": "SinGenerator",
                        "__ClassData__": {
                            "t": 2206
                        }
                    }
                }
            }
        }
    },
    "Ex10": {
        "__ModuleName__": "Framework.InputPort",
        "__ClassName__": "InputPort",
        "__ClassData__": {
            "_Component__parent": "Ex9",
            "_Component__tag": "Ex10",
            "_Component__name": "Type",
            "_Component__comment": "0：正弦波,1:方波,2:三角波",
            "_dict": {},
            "_frame": null,
            "view": {},
            "x": 56.0,
            "y": 80.0,
            "pos": 0,
            "_DataPort__value": "0",
            "_InputPort__connector": null,
            "color": "black"
        }
    },
    "Ex11": {
        "__ModuleName__": "Framework.InputPort",
        "__ClassName__": "InputPort",
        "__ClassData__": {
            "_Component__parent": "Ex9",
            "_Component__tag": "Ex11",
            "_Component__name": "A",
            "_Component__comment": "振幅",
            "_dict": {},
            "_frame": null,
            "view": {},
            "x": 56.0,
            "y": 96.0,
            "pos": 1,
            "_DataPort__value": "3",
            "_InputPort__connector": null,
            "color": "black"
        }
    },
    "Ex12": {
        "__ModuleName__": "Framework.InputPort",
        "__ClassName__": "InputPort",
        "__ClassData__": {
            "_Component__parent": "Ex9",
            "_Component__tag": "Ex12",
            "_Component__name": "T",
            "_Component__comment": "周期",
            "_dict": {},
            "_frame": null,
            "view": {},
            "x": 56.0,
            "y": 112.0,
            "pos": 2,
            "_DataPort__value": "30",
            "_InputPort__connector": null,
            "color": "black"
        }
    },
    "Ex13": {
        "__ModuleName__": "Framework.OutputPort",
        "__ClassName__": "OutputPort",
        "__ClassData__": {
            "_Component__parent": "Ex9",
            "_Component__tag": "Ex13",
            "_Component__name": "Out",
            "_Component__comment": "输出",
            "_dict": {},
            "_frame": null,
            "view": {},
            "x": 136.0,
            "y": 80.0,
            "pos": 0,
            "_DataPort__value": 0,
            "_OutputPort__c_tags": [
                "Ex26"
            ]
        }
    },
    "Ex14": {
        "__ModuleName__": "FunctionBlock.GeneratorFun",
        "__ClassName__": "GeneratorFun",
        "__ClassData__": {
            "_Component__parent": "Ex1",
            "_Component__tag": "Ex14",
            "_Component__name": "Sin2",
            "_Component__comment": "信号发生器",
            "_dict": {},
            "_frame": null,
            "view": {},
            "_Composite__children": [
                "Ex15",
                "Ex16",
                "Ex17",
                "Ex18"
            ],
            "_caption_height": 20,
            "top_offset": 0,
            "x": 60.0,
            "y": 180.0,
            "width": 80,
            "bottom_margin": 0.5,
            "last_pos": 2,
            "strategy": {
                "__ModuleName__": "FunctionBlock.GeneratorStrategy",
                "__ClassName__": "GeneratorStrategy",
                "__ClassData__": {
                    "key": "Ex14",
                    "generator": {
                        "__ModuleName__": "FunctionBlock.SinGenerator",
                        "__ClassName__": "SinGenerator",
                        "__ClassData__": {
                            "t": 2206
                        }
                    }
                }
            }
        }
    },
    "Ex15": {
        "__ModuleName__": "Framework.InputPort",
        "__ClassName__": "InputPort",
        "__ClassData__": {
            "_Component__parent": "Ex14",
            "_Component__tag": "Ex15",
            "_Component__name": "Type",
            "_Component__comment": "0：正弦波,1:方波,2:三角波",
            "_dict": {},
            "_frame": null,
            "view": {},
            "x": 60.0,
            "y": 208.0,
            "pos": 0,
            "_DataPort__value": "0",
            "_InputPort__connector": null,
            "color": "black"
        }
    },
    "Ex16": {
        "__ModuleName__": "Framework.InputPort",
        "__ClassName__": "InputPort",
        "__ClassData__": {
            "_Component__parent": "Ex14",
            "_Component__tag": "Ex16",
            "_Component__name": "A",
            "_Component__comment": "振幅",
            "_dict": {},
            "_frame": null,
            "view": {},
            "x": 60.0,
            "y": 224.0,
            "pos": 1,
            "_DataPort__value": "3",
            "_InputPort__connector": null,
            "color": "black"
        }
    },
    "Ex17": {
        "__ModuleName__": "Framework.InputPort",
        "__ClassName__": "InputPort",
        "__ClassData__": {
            "_Component__parent": "Ex14",
            "_Component__tag": "Ex17",
            "_Component__name": "T",
            "_Component__comment": "周期",
            "_dict": {},
            "_frame": null,
            "view": {},
            "x": 60.0,
            "y": 240.0,
            "pos": 2,
            "_DataPort__value": "50",
            "_InputPort__connector": null,
            "color": "black"
        }
    },
    "Ex18": {
        "__ModuleName__": "Framework.OutputPort",
        "__ClassName__": "OutputPort",
        "__ClassData__": {
            "_Component__parent": "Ex14",
            "_Component__tag": "Ex18",
            "_Component__name": "Out",
            "_Component__comment": "输出",
            "_dict": {},
            "_frame": null,
            "view": {},
            "x": 140.0,
            "y": 208.0,
            "pos": 0,
            "_DataPort__value": 0,
            "_OutputPort__c_tags": [
                "Ex27"
            ]
        }
    },
    "Ex19": {
        "__ModuleName__": "FunctionBlock.MathFun",
        "__ClassName__": "MathFun",
        "__ClassData__": {
            "_Component__parent": "Ex1",
            "_Component__tag": "Ex19",
            "_Component__name": "Math",
            "_Component__comment": "自定义数学运算\n支持四则运算,指数运算，三角函数等",
            "_dict": {},
            "_frame": null,
            "view": {},
            "_Composite__children": [
                "Ex20",
                "Ex21",
                "Ex22",
                "Ex23",
                "Ex24",
                "Ex25"
            ],
            "_caption_height": 20,
            "top_offset": 0,
            "x": 236.0,
            "y": 108.0,
            "width": 80,
            "bottom_margin": 0.5,
            "last_pos": 3,
            "strategy": {
                "__ModuleName__": "FunctionBlock.MathFunStrategy",
                "__ClassName__": "MathFunStrategy",
                "__ClassData__": {
                    "key": "Ex19",
                    "exprs": {
                        "Out1": [
                            "In1+In2",
                            ""
                        ],
                        "Out2": [
                            "In1*In2",
                            ""
                        ]
                    }
                }
            }
        }
    },
    "Ex20": {
        "__ModuleName__": "Framework.InputPort",
        "__ClassName__": "InputPort",
        "__ClassData__": {
            "_Component__parent": "Ex19",
            "_Component__tag": "Ex20",
            "_Component__name": "In1",
            "_Component__comment": "运算输入1",
            "_dict": {},
            "_frame": null,
            "view": {},
            "x": 236.0,
            "y": 136.0,
            "pos": 0,
            "_DataPort__value": 0,
            "_InputPort__connector": "Ex26",
            "color": "black"
        }
    },
    "Ex21": {
        "__ModuleName__": "Framework.InputPort",
        "__ClassName__": "InputPort",
        "__ClassData__": {
            "_Component__parent": "Ex19",
            "_Component__tag": "Ex21",
            "_Component__name": "In2",
            "_Component__comment": "运算输入2",
            "_dict": {},
            "_frame": null,
            "view": {},
            "x": 236.0,
            "y": 152.0,
            "pos": 1,
            "_DataPort__value": 0,
            "_InputPort__connector": "Ex27",
            "color": "black"
        }
    },
    "Ex22": {
        "__ModuleName__": "Framework.InputPort",
        "__ClassName__": "InputPort",
        "__ClassData__": {
            "_Component__parent": "Ex19",
            "_Component__tag": "Ex22",
            "_Component__name": "In3",
            "_Component__comment": "运算输入3",
            "_dict": {},
            "_frame": null,
            "view": {},
            "x": 236.0,
            "y": 168.0,
            "pos": 2,
            "_DataPort__value": "0",
            "_InputPort__connector": null,
            "color": "black"
        }
    },
    "Ex23": {
        "__ModuleName__": "Framework.InputPort",
        "__ClassName__": "InputPort",
        "__ClassData__": {
            "_Component__parent": "Ex19",
            "_Component__tag": "Ex23",
            "_Component__name": "In4",
            "_Component__comment": "运算输入3",
            "_dict": {},
            "_frame": null,
            "view": {},
            "x": 236.0,
            "y": 184.0,
            "pos": 3,
            "_DataPort__value": "0",
            "_InputPort__connector": null,
            "color": "black"
        }
    },
    "Ex24": {
        "__ModuleName__": "Framework.OutputPort",
        "__ClassName__": "OutputPort",
        "__ClassData__": {
            "_Component__parent": "Ex19",
            "_Component__tag": "Ex24",
            "_Component__name": "Out1",
            "_Component__comment": "运算输出1表达式,自由输入",
            "_dict": {},
            "_frame": null,
            "view": {},
            "x": 316.0,
            "y": 136.0,
            "pos": 0,
            "_DataPort__value": 0,
            "_OutputPort__c_tags": [
                "Ex32",
                "Ex41"
            ]
        }
    },
    "Ex25": {
        "__ModuleName__": "Framework.OutputPort",
        "__ClassName__": "OutputPort",
        "__ClassData__": {
            "_Component__parent": "Ex19",
            "_Component__tag": "Ex25",
            "_Component__name": "Out2",
            "_Component__comment": "运算输出2表达式,自由输入",
            "_dict": {},
            "_frame": null,
            "view": {},
            "x": 316.0,
            "y": 152.0,
            "pos": 1,
            "_DataPort__value": 0,
            "_OutputPort__c_tags": [
                "Ex33",
                "Ex42"
            ]
        }
    },
    "Ex26": {
        "__ModuleName__": "FunctionBlock.FbdConnector",
        "__ClassName__": "FbdConnector",
        "__ClassData__": {
            "_Component__parent": "Ex1",
            "_Component__tag": "Ex26",
            "_Component__name": "",
            "_Component__comment": "",
            "_dict": {},
            "_frame": null,
            "view": {},
            "_Connector__out_tag": "Ex13",
            "_Connector__in_tag": "Ex20",
            "active": null,
            "coords": [
                146.0,
                80.0,
                196.0,
                80.0,
                196.0,
                136.0,
                226.0,
                136.0
            ]
        }
    },
    "Ex27": {
        "__ModuleName__": "FunctionBlock.FbdConnector",
        "__ClassName__": "FbdConnector",
        "__ClassData__": {
            "_Component__parent": "Ex1",
            "_Component__tag": "Ex27",
            "_Component__name": "",
            "_Component__comment": "",
            "_dict": {},
            "_frame": null,
            "view": {},
            "_Connector__out_tag": "Ex18",
            "_Connector__in_tag": "Ex21",
            "active": 1,
            "coords": [
                150.0,
                208.0,
                196.0,
                208.0,
                196.0,
                152.0,
                226.0,
                152.0
            ]
        }
    },
    "Ex28": {
        "__ModuleName__": "FunctionBlock.ValPanelFun",
        "__ClassName__": "ValPanelFun",
        "__ClassData__": {
            "_Component__parent": "Ex1",
            "_Component__tag": "Ex28",
            "_Component__name": "ValPanel",
            "_Component__comment": "数字表示面板",
            "_dict": {},
            "_frame": null,
            "view": {},
            "_Composite__children": [
                "Ex29",
                "Ex30",
                "Ex31"
            ],
            "_caption_height": 20,
            "top_offset": 0,
            "x": 416.0,
            "y": 48.0,
            "width": 80,
            "bottom_margin": 0.5,
            "last_pos": 2,
            "strategy": {
                "__ModuleName__": "FunctionBlock.ValPanelStrategy",
                "__ClassName__": "ValPanelStrategy",
                "__ClassData__": {
                    "key": "Ex28",
                    "display_names": {
                        "In1": "In1",
                        "In2": "In2",
                        "In3": "In3"
                    },
                    "colors": {
                        "In1": "red",
                        "In2": "blue",
                        "In3": "black"
                    },
                    "type": "value",
                    "data": {},
                    "width": 100
                }
            }
        }
    },
    "Ex29": {
        "__ModuleName__": "Framework.InputPort",
        "__ClassName__": "InputPort",
        "__ClassData__": {
            "_Component__parent": "Ex28",
            "_Component__tag": "Ex29",
            "_Component__name": "In1",
            "_Component__comment": "输入1",
            "_dict": {},
            "_frame": null,
            "view": {},
            "x": 416.0,
            "y": 76.0,
            "pos": 0,
            "_DataPort__value": 0,
            "_InputPort__connector": "Ex32",
            "color": "black"
        }
    },
    "Ex30": {
        "__ModuleName__": "Framework.InputPort",
        "__ClassName__": "InputPort",
        "__ClassData__": {
            "_Component__parent": "Ex28",
            "_Component__tag": "Ex30",
            "_Component__name": "In2",
            "_Component__comment": "输入2",
            "_dict": {},
            "_frame": null,
            "view": {},
            "x": 416.0,
            "y": 92.0,
            "pos": 1,
            "_DataPort__value": 0,
            "_InputPort__connector": "Ex33",
            "color": "black"
        }
    },
    "Ex31": {
        "__ModuleName__": "Framework.InputPort",
        "__ClassName__": "InputPort",
        "__ClassData__": {
            "_Component__parent": "Ex28",
            "_Component__tag": "Ex31",
            "_Component__name": "In3",
            "_Component__comment": "输入3",
            "_dict": {},
            "_frame": null,
            "view": {},
            "x": 416.0,
            "y": 108.0,
            "pos": 2,
            "_DataPort__value": 0,
            "_InputPort__connector": null,
            "color": "black"
        }
    },
    "Ex32": {
        "__ModuleName__": "FunctionBlock.FbdConnector",
        "__ClassName__": "FbdConnector",
        "__ClassData__": {
            "_Component__parent": "Ex1",
            "_Component__tag": "Ex32",
            "_Component__name": "",
            "_Component__comment": "",
            "_dict": {},
            "_frame": null,
            "view": {},
            "_Connector__out_tag": "Ex24",
            "_Connector__in_tag": "Ex29",
            "active": null,
            "coords": [
                326.0,
                136.0,
                376.0,
                136.0,
                376.0,
                76.0,
                406.0,
                76.0
            ]
        }
    },
    "Ex33": {
        "__ModuleName__": "FunctionBlock.FbdConnector",
        "__ClassName__": "FbdConnector",
        "__ClassData__": {
            "_Component__parent": "Ex1",
            "_Component__tag": "Ex33",
            "_Component__name": "",
            "_Component__comment": "",
            "_dict": {},
            "_frame": null,
            "view": {},
            "_Connector__out_tag": "Ex25",
            "_Connector__in_tag": "Ex30",
            "active": null,
            "coords": [
                326.0,
                152.0,
                372.0,
                152.0,
                372.0,
                92.0,
                406.0,
                92.0
            ]
        }
    },
    "Ex34": {
        "__ModuleName__": "FunctionBlock.GraphFun",
        "__ClassName__": "GraphFun",
        "__ClassData__": {
            "_Component__parent": "Ex1",
            "_Component__tag": "Ex34",
            "_Component__name": "Graph",
            "_Component__comment": "趋势曲线图",
            "_dict": {},
            "_frame": null,
            "view": {},
            "_Composite__children": [
                "Ex35",
                "Ex36",
                "Ex37",
                "Ex38",
                "Ex39",
                "Ex40"
            ],
            "_caption_height": 20,
            "top_offset": 0,
            "x": 392.0,
            "y": 228.0,
            "width": 200,
            "bottom_margin": 2,
            "last_pos": 5,
            "strategy": {
                "__ModuleName__": "FunctionBlock.TrendGraphStrategy",
                "__ClassName__": "TrendGraphStrategy",
                "__ClassData__": {
                    "key": "Ex34",
                    "display_names": {
                        "In1": "In1",
                        "In2": "In2",
                        "In3": "In3"
                    },
                    "colors": {
                        "In1": "red",
                        "In2": "blue",
                        "In3": "green"
                    },
                    "type": "line",
                    "data": {}
                }
            }
        }
    },
    "Ex35": {
        "__ModuleName__": "Framework.InputPort",
        "__ClassName__": "InputPort",
        "__ClassData__": {
            "_Component__parent": "Ex34",
            "_Component__tag": "Ex35",
            "_Component__name": "In1",
            "_Component__comment": "曲线输入1",
            "_dict": {},
            "_frame": null,
            "view": {},
            "x": 392.0,
            "y": 256.0,
            "pos": 0,
            "_DataPort__value": 0,
            "_InputPort__connector": "Ex41",
            "color": "red"
        }
    },
    "Ex36": {
        "__ModuleName__": "Framework.InputPort",
        "__ClassName__": "InputPort",
        "__ClassData__": {
            "_Component__parent": "Ex34",
            "_Component__tag": "Ex36",
            "_Component__name": "In2",
            "_Component__comment": "曲线输入2",
            "_dict": {},
            "_frame": null,
            "view": {},
            "x": 392.0,
            "y": 272.0,
            "pos": 1,
            "_DataPort__value": 0,
            "_InputPort__connector": "Ex42",
            "color": "blue"
        }
    },
    "Ex37": {
        "__ModuleName__": "Framework.InputPort",
        "__ClassName__": "InputPort",
        "__ClassData__": {
            "_Component__parent": "Ex34",
            "_Component__tag": "Ex37",
            "_Component__name": "In3",
            "_Component__comment": "曲线输入3",
            "_dict": {},
            "_frame": null,
            "view": {},
            "x": 392.0,
            "y": 288.0,
            "pos": 2,
            "_DataPort__value": 0,
            "_InputPort__connector": null,
            "color": "green"
        }
    },
    "Ex38": {
        "__ModuleName__": "Framework.InputPort",
        "__ClassName__": "InputPort",
        "__ClassData__": {
            "_Component__parent": "Ex34",
            "_Component__tag": "Ex38",
            "_Component__name": "Type",
            "_Component__comment": "0：趋势曲线,1:柱状图",
            "_dict": {},
            "_frame": null,
            "view": {},
            "x": 392.0,
            "y": 304.0,
            "pos": 3,
            "_DataPort__value": 0,
            "_InputPort__connector": null,
            "color": "black"
        }
    },
    "Ex39": {
        "__ModuleName__": "Framework.InputPort",
        "__ClassName__": "InputPort",
        "__ClassData__": {
            "_Component__parent": "Ex34",
            "_Component__tag": "Ex39",
            "_Component__name": "min",
            "_Component__comment": "表示下限",
            "_dict": {},
            "_frame": null,
            "view": {},
            "x": 392.0,
            "y": 320.0,
            "pos": 4,
            "_DataPort__value": -10,
            "_InputPort__connector": null,
            "color": "black"
        }
    },
    "Ex40": {
        "__ModuleName__": "Framework.InputPort",
        "__ClassName__": "InputPort",
        "__ClassData__": {
            "_Component__parent": "Ex34",
            "_Component__tag": "Ex40",
            "_Component__name": "max",
            "_Component__comment": "表示上限",
            "_dict": {},
            "_frame": null,
            "view": {},
            "x": 392.0,
            "y": 336.0,
            "pos": 5,
            "_DataPort__value": 10,
            "_InputPort__connector": null,
            "color": "black"
        }
    },
    "Ex41": {
        "__ModuleName__": "FunctionBlock.FbdConnector",
        "__ClassName__": "FbdConnector",
        "__ClassData__": {
            "_Component__parent": "Ex1",
            "_Component__tag": "Ex41",
            "_Component__name": "",
            "_Component__comment": "",
            "_dict": {},
            "_frame": null,
            "view": {},
            "_Connector__out_tag": "Ex24",
            "_Connector__in_tag": "Ex35",
            "active": null,
            "coords": [
                326.0,
                136.0,
                348.0,
                136.0,
                348.0,
                256.0,
                382.0,
                256.0
            ]
        }
    },
    "Ex42": {
        "__ModuleName__": "FunctionBlock.FbdConnector",
        "__ClassName__": "FbdConnector",
        "__ClassData__": {
            "_Component__parent": "Ex1",
            "_Component__tag": "Ex42",
            "_Component__name": "",
            "_Component__comment": "",
            "_dict": {},
            "_frame": null,
            "view": {},
            "_Connector__out_tag": "Ex25",
            "_Connector__in_tag": "Ex36",
            "active": null,
            "coords": [
                326.0,
                152.0,
                344.0,
                152.0,
                344.0,
                272.0,
                382.0,
                272.0
            ]
        }
    }
}