{
    "tag_factory": {
        "__ModuleName__": "Framework.TagFactory",
        "__ClassName__": "TagFactory",
        "__ClassData__": {
            "current": 28,
            "f_tag": "tag_factory"
        }
    },
    "Ex1": {
        "__ModuleName__": "Framework.TopDiagram",
        "__ClassName__": "TopDiagram",
        "__ClassData__": {
            "_Component__parent": null,
            "_Component__tag": "Ex1",
            "_Component__name": "Top",
            "_Component__comment": "",
            "_dict": {},
            "_frame": null,
            "view": {},
            "_Composite__children": [
                "Ex2",
                "Ex5",
                "Ex12",
                "Ex15",
                "Ex22",
                "Ex23",
                "Ex24",
                "Ex25",
                "Ex26"
            ],
            "type": "Function Block Diagram",
            "factorys": {}
        }
    },
    "Ex2": {
        "__ModuleName__": "FunctionBlock.CommInputFun",
        "__ClassName__": "CommInputFun",
        "__ClassData__": {
            "_Component__parent": "Ex1",
            "_Component__tag": "Ex2",
            "_Component__name": "CommInput",
            "_Component__comment": "Recevie data from other device.",
            "_dict": {},
            "_frame": null,
            "view": {},
            "_Composite__children": [
                "Ex3",
                "Ex4"
            ],
            "_caption_height": 20,
            "top_offset": 0,
            "x": 160.0,
            "y": 120.0,
            "width": 80,
            "bottom_margin": 0.5,
            "last_pos": 2,
            "strategy": {
                "__ModuleName__": "FunctionBlock.CommInStrategy",
                "__ClassName__": "CommInStrategy",
                "__ClassData__": {
                    "key": "Ex2",
                    "port": {
                        "__ModuleName__": "FunctionBlock.WifiPort",
                        "__ClassName__": "WifiPort",
                        "__ClassData__": {
                            "response": "[2.319983668698662, 2.651936345747325, 3.1167439866720716].des.bcc",
                            "t": 647,
                            "address": "192.168.0.176"
                        }
                    },
                    "packer": {
                        "__ModuleName__": "FunctionBlock.BccValidator",
                        "__ClassName__": "BccValidator",
                        "__ClassData__": {
                            "packer": {
                                "__ModuleName__": "FunctionBlock.DesEncryptor",
                                "__ClassName__": "DesEncryptor",
                                "__ClassData__": {
                                    "packer": null
                                }
                            }
                        }
                    },
                    "status": null
                }
            }
        }
    },
    "Ex3": {
        "__ModuleName__": "Framework.OutputPort",
        "__ClassName__": "OutputPort",
        "__ClassData__": {
            "_Component__parent": "Ex2",
            "_Component__tag": "Ex3",
            "_Component__name": "CH1",
            "_Component__comment": "输入数据通道1",
            "_dict": {},
            "_frame": null,
            "view": {},
            "x": 240.0,
            "y": 164.0,
            "pos": 1,
            "_DataPort__value": 0,
            "_OutputPort__c_tags": [
                "Ex22",
                "Ex23"
            ]
        }
    },
    "Ex4": {
        "__ModuleName__": "Framework.OutputPort",
        "__ClassName__": "OutputPort",
        "__ClassData__": {
            "_Component__parent": "Ex2",
            "_Component__tag": "Ex4",
            "_Component__name": "CH2",
            "_Component__comment": "输入数据通道2",
            "_dict": {},
            "_frame": null,
            "view": {},
            "x": 240.0,
            "y": 180.0,
            "pos": 2,
            "_DataPort__value": 0,
            "_OutputPort__c_tags": [
                "Ex24",
                "Ex25"
            ]
        }
    },
    "Ex5": {
        "__ModuleName__": "FunctionBlock.MathFun",
        "__ClassName__": "MathFun",
        "__ClassData__": {
            "_Component__parent": "Ex1",
            "_Component__tag": "Ex5",
            "_Component__name": "Math",
            "_Component__comment": "自定义数学运算\n支持四则运算,指数运算，三角函数等",
            "_dict": {},
            "_frame": null,
            "view": {},
            "_Composite__children": [
                "Ex6",
                "Ex7",
                "Ex8",
                "Ex9",
                "Ex10",
                "Ex11"
            ],
            "_caption_height": 20,
            "top_offset": 0,
            "x": 388.0,
            "y": 116.0,
            "width": 80,
            "bottom_margin": 0.5,
            "last_pos": 3,
            "strategy": {
                "__ModuleName__": "FunctionBlock.MathFunStrategy",
                "__ClassName__": "MathFunStrategy",
                "__ClassData__": {
                    "key": "Ex5",
                    "exprs": {
                        "Out1": [
                            "",
                            ""
                        ],
                        "Out2": [
                            "",
                            ""
                        ]
                    }
                }
            }
        }
    },
    "Ex6": {
        "__ModuleName__": "Framework.InputPort",
        "__ClassName__": "InputPort",
        "__ClassData__": {
            "_Component__parent": "Ex5",
            "_Component__tag": "Ex6",
            "_Component__name": "In1",
            "_Component__comment": "运算输入1",
            "_dict": {},
            "_frame": null,
            "view": {},
            "x": 388.0,
            "y": 144.0,
            "pos": 0,
            "_DataPort__value": 0,
            "_InputPort__connector": "Ex22",
            "color": "black"
        }
    },
    "Ex7": {
        "__ModuleName__": "Framework.InputPort",
        "__ClassName__": "InputPort",
        "__ClassData__": {
            "_Component__parent": "Ex5",
            "_Component__tag": "Ex7",
            "_Component__name": "In2",
            "_Component__comment": "运算输入2",
            "_dict": {},
            "_frame": null,
            "view": {},
            "x": 388.0,
            "y": 160.0,
            "pos": 1,
            "_DataPort__value": 0,
            "_InputPort__connector": "Ex24",
            "color": "black"
        }
    },
    "Ex8": {
        "__ModuleName__": "Framework.InputPort",
        "__ClassName__": "InputPort",
        "__ClassData__": {
            "_Component__parent": "Ex5",
            "_Component__tag": "Ex8",
            "_Component__name": "In3",
            "_Component__comment": "运算输入3",
            "_dict": {},
            "_frame": null,
            "view": {},
            "x": 388.0,
            "y": 176.0,
            "pos": 2,
            "_DataPort__value": 0,
            "_InputPort__connector": null,
            "color": "black"
        }
    },
    "Ex9": {
        "__ModuleName__": "Framework.InputPort",
        "__ClassName__": "InputPort",
        "__ClassData__": {
            "_Component__parent": "Ex5",
            "_Component__tag": "Ex9",
            "_Component__name": "In4",
            "_Component__comment": "运算输入3",
            "_dict": {},
            "_frame": null,
            "view": {},
            "x": 388.0,
            "y": 192.0,
            "pos": 3,
            "_DataPort__value": 0,
            "_InputPort__connector": null,
            "color": "black"
        }
    },
    "Ex10": {
        "__ModuleName__": "Framework.OutputPort",
        "__ClassName__": "OutputPort",
        "__ClassData__": {
            "_Component__parent": "Ex5",
            "_Component__tag": "Ex10",
            "_Component__name": "Out1",
            "_Component__comment": "运算输出1表达式,自由输入",
            "_dict": {},
            "_frame": null,
            "view": {},
            "x": 468.0,
            "y": 144.0,
            "pos": 0,
            "_DataPort__value": 0,
            "_OutputPort__c_tags": [
                "Ex26"
            ]
        }
    },
    "Ex11": {
        "__ModuleName__": "Framework.OutputPort",
        "__ClassName__": "OutputPort",
        "__ClassData__": {
            "_Component__parent": "Ex5",
            "_Component__tag": "Ex11",
            "_Component__name": "Out2",
            "_Component__comment": "运算输出2表达式,自由输入",
            "_dict": {},
            "_frame": null,
            "view": {},
            "x": 468.0,
            "y": 160.0,
            "pos": 1,
            "_DataPort__value": 0,
            "_OutputPort__c_tags": []
        }
    },
    "Ex12": {
        "__ModuleName__": "FunctionBlock.CommOutputFun",
        "__ClassName__": "CommOutputFun",
        "__ClassData__": {
            "_Component__parent": "Ex1",
            "_Component__tag": "Ex12",
            "_Component__name": "CommOutput",
            "_Component__comment": "计算结果输出",
            "_dict": {},
            "_frame": null,
            "view": {},
            "_Composite__children": [
                "Ex13",
                "Ex14"
            ],
            "_caption_height": 20,
            "top_offset": 0,
            "x": 584.0,
            "y": 100.0,
            "width": 80,
            "bottom_margin": 0.5,
            "last_pos": 2,
            "strategy": {
                "__ModuleName__": "FunctionBlock.CommOutStrategy",
                "__ClassName__": "CommOutStrategy",
                "__ClassData__": {
                    "key": null,
                    "port": null,
                    "packer": null,
                    "status": null
                }
            }
        }
    },
    "Ex13": {
        "__ModuleName__": "Framework.InputPort",
        "__ClassName__": "InputPort",
        "__ClassData__": {
            "_Component__parent": "Ex12",
            "_Component__tag": "Ex13",
            "_Component__name": "CH1",
            "_Component__comment": "数据输出端口1",
            "_dict": {},
            "_frame": null,
            "view": {},
            "x": 584.0,
            "y": 144.0,
            "pos": 1,
            "_DataPort__value": 0,
            "_InputPort__connector": "Ex26",
            "color": "black"
        }
    },
    "Ex14": {
        "__ModuleName__": "Framework.InputPort",
        "__ClassName__": "InputPort",
        "__ClassData__": {
            "_Component__parent": "Ex12",
            "_Component__tag": "Ex14",
            "_Component__name": "CH2",
            "_Component__comment": "数据输出端口2",
            "_dict": {},
            "_frame": null,
            "view": {},
            "x": 584.0,
            "y": 160.0,
            "pos": 2,
            "_DataPort__value": 0,
            "_InputPort__connector": null,
            "color": "black"
        }
    },
    "Ex15": {
        "__ModuleName__": "FunctionBlock.GraphFun",
        "__ClassName__": "GraphFun",
        "__ClassData__": {
            "_Component__parent": "Ex1",
            "_Component__tag": "Ex15",
            "_Component__name": "Graph",
            "_Component__comment": "趋势曲线图",
            "_dict": {},
            "_frame": null,
            "view": {},
            "_Composite__children": [
                "Ex16",
                "Ex17",
                "Ex18",
                "Ex19",
                "Ex20",
                "Ex21"
            ],
            "_caption_height": 20,
            "top_offset": 0,
            "x": 528.0,
            "y": 288.0,
            "width": 200,
            "bottom_margin": 2,
            "last_pos": 5,
            "strategy": {
                "__ModuleName__": "FunctionBlock.TrendGraphStrategy",
                "__ClassName__": "TrendGraphStrategy",
                "__ClassData__": {
                    "key": "Ex15",
                    "display_names": {
                        "In1": "In1",
                        "In2": "In2",
                        "In3": "In3"
                    },
                    "colors": {
                        "In1": "red",
                        "In2": "blue",
                        "In3": "green"
                    },
                    "type": "line",
                    "data": {}
                }
            }
        }
    },
    "Ex16": {
        "__ModuleName__": "Framework.InputPort",
        "__ClassName__": "InputPort",
        "__ClassData__": {
            "_Component__parent": "Ex15",
            "_Component__tag": "Ex16",
            "_Component__name": "In1",
            "_Component__comment": "曲线输入1",
            "_dict": {},
            "_frame": null,
            "view": {},
            "x": 528.0,
            "y": 316.0,
            "pos": 0,
            "_DataPort__value": 0,
            "_InputPort__connector": "Ex23",
            "color": "red"
        }
    },
    "Ex17": {
        "__ModuleName__": "Framework.InputPort",
        "__ClassName__": "InputPort",
        "__ClassData__": {
            "_Component__parent": "Ex15",
            "_Component__tag": "Ex17",
            "_Component__name": "In2",
            "_Component__comment": "曲线输入2",
            "_dict": {},
            "_frame": null,
            "view": {},
            "x": 528.0,
            "y": 332.0,
            "pos": 1,
            "_DataPort__value": 0,
            "_InputPort__connector": "Ex25",
            "color": "blue"
        }
    },
    "Ex18": {
        "__ModuleName__": "Framework.InputPort",
        "__ClassName__": "InputPort",
        "__ClassData__": {
            "_Component__parent": "Ex15",
            "_Component__tag": "Ex18",
            "_Component__name": "In3",
            "_Component__comment": "曲线输入3",
            "_dict": {},
            "_frame": null,
            "view": {},
            "x": 528.0,
            "y": 348.0,
            "pos": 2,
            "_DataPort__value": 0,
            "_InputPort__connector": null,
            "color": "green"
        }
    },
    "Ex19": {
        "__ModuleName__": "Framework.InputPort",
        "__ClassName__": "InputPort",
        "__ClassData__": {
            "_Component__parent": "Ex15",
            "_Component__tag": "Ex19",
            "_Component__name": "Type",
            "_Component__comment": "0：趋势曲线,1:柱状图",
            "_dict": {},
            "_frame": null,
            "view": {},
            "x": 528.0,
            "y": 364.0,
            "pos": 3,
            "_DataPort__value": 0,
            "_InputPort__connector": null,
            "color": "black"
        }
    },
    "Ex20": {
        "__ModuleName__": "Framework.InputPort",
        "__ClassName__": "InputPort",
        "__ClassData__": {
            "_Component__parent": "Ex15",
            "_Component__tag": "Ex20",
            "_Component__name": "min",
            "_Component__comment": "表示下限",
            "_dict": {},
            "_frame": null,
            "view": {},
            "x": 528.0,
            "y": 380.0,
            "pos": 4,
            "_DataPort__value": -10,
            "_InputPort__connector": null,
            "color": "black"
        }
    },
    "Ex21": {
        "__ModuleName__": "Framework.InputPort",
        "__ClassName__": "InputPort",
        "__ClassData__": {
            "_Component__parent": "Ex15",
            "_Component__tag": "Ex21",
            "_Component__name": "max",
            "_Component__comment": "表示上限",
            "_dict": {},
            "_frame": null,
            "view": {},
            "x": 528.0,
            "y": 396.0,
            "pos": 5,
            "_DataPort__value": 10,
            "_InputPort__connector": null,
            "color": "black"
        }
    },
    "Ex22": {
        "__ModuleName__": "FunctionBlock.FbdConnector",
        "__ClassName__": "FbdConnector",
        "__ClassData__": {
            "_Component__parent": "Ex1",
            "_Component__tag": "Ex22",
            "_Component__name": "",
            "_Component__comment": "",
            "_dict": {},
            "_frame": null,
            "view": {},
            "_Connector__out_tag": "Ex3",
            "_Connector__in_tag": "Ex6",
            "active": 1,
            "coords": [
                250.0,
                164.0,
                328.0,
                164.0,
                328.0,
                144.0,
                378.0,
                144.0
            ]
        }
    },
    "Ex23": {
        "__ModuleName__": "FunctionBlock.FbdConnector",
        "__ClassName__": "FbdConnector",
        "__ClassData__": {
            "_Component__parent": "Ex1",
            "_Component__tag": "Ex23",
            "_Component__name": "",
            "_Component__comment": "",
            "_dict": {},
            "_frame": null,
            "view": {},
            "_Connector__out_tag": "Ex3",
            "_Connector__in_tag": "Ex16",
            "active": 3,
            "coords": [
                250.0,
                164.0,
                328.0,
                164.0,
                328.0,
                164.0,
                328.0,
                164.0,
                328.0,
                316.0,
                518.0,
                316.0
            ]
        }
    },
    "Ex24": {
        "__ModuleName__": "FunctionBlock.FbdConnector",
        "__ClassName__": "FbdConnector",
        "__ClassData__": {
            "_Component__parent": "Ex1",
            "_Component__tag": "Ex24",
            "_Component__name": "",
            "_Component__comment": "",
            "_dict": {},
            "_frame": null,
            "view": {},
            "_Connector__out_tag": "Ex4",
            "_Connector__in_tag": "Ex7",
            "active": null,
            "coords": [
                250.0,
                180.0,
                340.0,
                180.0,
                340.0,
                160.0,
                378.0,
                160.0
            ]
        }
    },
    "Ex25": {
        "__ModuleName__": "FunctionBlock.FbdConnector",
        "__ClassName__": "FbdConnector",
        "__ClassData__": {
            "_Component__parent": "Ex1",
            "_Component__tag": "Ex25",
            "_Component__name": "",
            "_Component__comment": "",
            "_dict": {},
            "_frame": null,
            "view": {},
            "_Connector__out_tag": "Ex4",
            "_Connector__in_tag": "Ex17",
            "active": null,
            "coords": [
                250.0,
                180.0,
                340.0,
                180.0,
                340.0,
                332.0,
                518.0,
                332.0
            ]
        }
    },
    "Ex26": {
        "__ModuleName__": "FunctionBlock.FbdConnector",
        "__ClassName__": "FbdConnector",
        "__ClassData__": {
            "_Component__parent": "Ex1",
            "_Component__tag": "Ex26",
            "_Component__name": "",
            "_Component__comment": "",
            "_dict": {},
            "_frame": null,
            "view": {},
            "_Connector__out_tag": "Ex10",
            "_Connector__in_tag": "Ex13",
            "active": null,
            "coords": [
                478.0,
                144.0,
                552.0,
                144.0,
                552.0,
                144.0,
                574.0,
                144.0
            ]
        }
    }
}