{
    "tag_factory": {
        "__ModuleName__": "Framework.TagFactory",
        "__ClassName__": "TagFactory",
        "__ClassData__": {
            "current": 122,
            "f_tag": "tag_factory"
        }
    },
    "Ex1": {
        "__ModuleName__": "Framework.TopDiagram",
        "__ClassName__": "TopDiagram",
        "__ClassData__": {
            "_Component__parent": null,
            "_Component__tag": "Ex1",
            "_Component__name": "Top",
            "_Component__comment": "",
            "_dict": {},
            "_frame": null,
            "view": {},
            "_Composite__children": [
                "Ex82",
                "Ex96",
                "Ex104",
                "Ex105",
                "Ex111",
                "Ex112",
                "Ex113",
                "Ex120",
                "Ex121"
            ],
            "type": "Function Block Diagram",
            "factorys": {}
        }
    },
    "Ex82": {
        "__ModuleName__": "FunctionBlock.GraphFun",
        "__ClassName__": "GraphFun",
        "__ClassData__": {
            "_Component__parent": "Ex1",
            "_Component__tag": "Ex82",
            "_Component__name": "Graph",
            "_Component__comment": "趋势曲线图",
            "_dict": {},
            "_frame": null,
            "view": {},
            "_Composite__children": [
                "Ex83",
                "Ex84",
                "Ex85",
                "Ex86",
                "Ex87",
                "Ex88"
            ],
            "_caption_height": 20,
            "top_offset": 0,
            "x": 516.0,
            "y": 196.0,
            "width": 200,
            "bottom_margin": 2,
            "last_pos": 5,
            "strategy": {
                "__ModuleName__": "FunctionBlock.TrendGraphStrategy",
                "__ClassName__": "TrendGraphStrategy",
                "__ClassData__": {
                    "key": "Ex82",
                    "display_names": {
                        "In1": "In1",
                        "In2": "In2",
                        "In3": "In3"
                    },
                    "colors": {
                        "In1": "red",
                        "In2": "blue",
                        "In3": "green"
                    },
                    "type": "line",
                    "data": {}
                }
            }
        }
    },
    "Ex83": {
        "__ModuleName__": "Framework.InputPort",
        "__ClassName__": "InputPort",
        "__ClassData__": {
            "_Component__parent": "Ex82",
            "_Component__tag": "Ex83",
            "_Component__name": "In1",
            "_Component__comment": "曲线输入1",
            "_dict": {},
            "_frame": null,
            "view": {},
            "x": 516.0,
            "y": 224.0,
            "pos": 0,
            "_DataPort__value": 0,
            "_InputPort__connector": "Ex112",
            "color": "red"
        }
    },
    "Ex84": {
        "__ModuleName__": "Framework.InputPort",
        "__ClassName__": "InputPort",
        "__ClassData__": {
            "_Component__parent": "Ex82",
            "_Component__tag": "Ex84",
            "_Component__name": "In2",
            "_Component__comment": "曲线输入2",
            "_dict": {},
            "_frame": null,
            "view": {},
            "x": 516.0,
            "y": 240.0,
            "pos": 1,
            "_DataPort__value": 0,
            "_InputPort__connector": "Ex104",
            "color": "blue"
        }
    },
    "Ex85": {
        "__ModuleName__": "Framework.InputPort",
        "__ClassName__": "InputPort",
        "__ClassData__": {
            "_Component__parent": "Ex82",
            "_Component__tag": "Ex85",
            "_Component__name": "In3",
            "_Component__comment": "曲线输入3",
            "_dict": {},
            "_frame": null,
            "view": {},
            "x": 516.0,
            "y": 256.0,
            "pos": 2,
            "_DataPort__value": 0,
            "_InputPort__connector": null,
            "color": "green"
        }
    },
    "Ex86": {
        "__ModuleName__": "Framework.InputPort",
        "__ClassName__": "InputPort",
        "__ClassData__": {
            "_Component__parent": "Ex82",
            "_Component__tag": "Ex86",
            "_Component__name": "Type",
            "_Component__comment": "0：趋势曲线,1:柱状图",
            "_dict": {},
            "_frame": null,
            "view": {},
            "x": 516.0,
            "y": 272.0,
            "pos": 3,
            "_DataPort__value": 0,
            "_InputPort__connector": null,
            "color": "black"
        }
    },
    "Ex87": {
        "__ModuleName__": "Framework.InputPort",
        "__ClassName__": "InputPort",
        "__ClassData__": {
            "_Component__parent": "Ex82",
            "_Component__tag": "Ex87",
            "_Component__name": "min",
            "_Component__comment": "表示下限",
            "_dict": {},
            "_frame": null,
            "view": {},
            "x": 516.0,
            "y": 288.0,
            "pos": 4,
            "_DataPort__value": -10,
            "_InputPort__connector": null,
            "color": "black"
        }
    },
    "Ex88": {
        "__ModuleName__": "Framework.InputPort",
        "__ClassName__": "InputPort",
        "__ClassData__": {
            "_Component__parent": "Ex82",
            "_Component__tag": "Ex88",
            "_Component__name": "max",
            "_Component__comment": "表示上限",
            "_dict": {},
            "_frame": null,
            "view": {},
            "x": 516.0,
            "y": 304.0,
            "pos": 5,
            "_DataPort__value": 10,
            "_InputPort__connector": null,
            "color": "black"
        }
    },
    "Ex96": {
        "__ModuleName__": "FunctionBlock.FilterFun",
        "__ClassName__": "FilterFun",
        "__ClassData__": {
            "_Component__parent": "Ex1",
            "_Component__tag": "Ex96",
            "_Component__name": "Filter",
            "_Component__comment": "数字滤波器",
            "_dict": {},
            "_frame": null,
            "view": {},
            "_Composite__children": [
                "Ex97",
                "Ex98",
                "Ex99",
                "Ex100",
                "Ex101",
                "Ex102"
            ],
            "_caption_height": 20,
            "top_offset": 0,
            "x": 304.0,
            "y": 232.0,
            "width": 80,
            "bottom_margin": 0.5,
            "last_pos": 4,
            "strategy": {
                "__ModuleName__": "FunctionBlock.FilterStrategy",
                "__ClassName__": "FilterStrategy",
                "__ClassData__": {
                    "key": "Ex96",
                    "filter": {
                        "__ModuleName__": "FunctionBlock.DifferentialFilter",
                        "__ClassName__": "DifferentialFilter",
                        "__ClassData__": {
                            "t": 0,
                            "prev": -1.7999999999999998,
                            "valid": true
                        }
                    }
                }
            }
        }
    },
    "Ex97": {
        "__ModuleName__": "Framework.InputPort",
        "__ClassName__": "InputPort",
        "__ClassData__": {
            "_Component__parent": "Ex96",
            "_Component__tag": "Ex97",
            "_Component__name": "In",
            "_Component__comment": "输入",
            "_dict": {},
            "_frame": null,
            "view": {},
            "x": 304.0,
            "y": 260.0,
            "pos": 0,
            "_DataPort__value": 0,
            "_InputPort__connector": "Ex111",
            "color": "black"
        }
    },
    "Ex98": {
        "__ModuleName__": "Framework.InputPort",
        "__ClassName__": "InputPort",
        "__ClassData__": {
            "_Component__parent": "Ex96",
            "_Component__tag": "Ex98",
            "_Component__name": "Type",
            "_Component__comment": "0:时间平移,1:移动平均,2:积分,3:微分",
            "_dict": {},
            "_frame": null,
            "view": {},
            "x": 304.0,
            "y": 276.0,
            "pos": 1,
            "_DataPort__value": "3",
            "_InputPort__connector": null,
            "color": "black"
        }
    },
    "Ex99": {
        "__ModuleName__": "Framework.InputPort",
        "__ClassName__": "InputPort",
        "__ClassData__": {
            "_Component__parent": "Ex96",
            "_Component__tag": "Ex99",
            "_Component__name": "p1",
            "_Component__comment": "参数1",
            "_dict": {},
            "_frame": null,
            "view": {},
            "x": 304.0,
            "y": 292.0,
            "pos": 2,
            "_DataPort__value": "0",
            "_InputPort__connector": null,
            "color": "black"
        }
    },
    "Ex100": {
        "__ModuleName__": "Framework.InputPort",
        "__ClassName__": "InputPort",
        "__ClassData__": {
            "_Component__parent": "Ex96",
            "_Component__tag": "Ex100",
            "_Component__name": "p2",
            "_Component__comment": "参数2",
            "_dict": {},
            "_frame": null,
            "view": {},
            "x": 304.0,
            "y": 308.0,
            "pos": 3,
            "_DataPort__value": "0",
            "_InputPort__connector": null,
            "color": "black"
        }
    },
    "Ex101": {
        "__ModuleName__": "Framework.InputPort",
        "__ClassName__": "InputPort",
        "__ClassData__": {
            "_Component__parent": "Ex96",
            "_Component__tag": "Ex101",
            "_Component__name": "p3",
            "_Component__comment": "参数3",
            "_dict": {},
            "_frame": null,
            "view": {},
            "x": 304.0,
            "y": 324.0,
            "pos": 4,
            "_DataPort__value": "0",
            "_InputPort__connector": null,
            "color": "black"
        }
    },
    "Ex102": {
        "__ModuleName__": "Framework.OutputPort",
        "__ClassName__": "OutputPort",
        "__ClassData__": {
            "_Component__parent": "Ex96",
            "_Component__tag": "Ex102",
            "_Component__name": "Out",
            "_Component__comment": "输出",
            "_dict": {},
            "_frame": null,
            "view": {},
            "x": 384.0,
            "y": 260.0,
            "pos": 0,
            "_DataPort__value": 0,
            "_OutputPort__c_tags": [
                "Ex104",
                "Ex121"
            ]
        }
    },
    "Ex104": {
        "__ModuleName__": "FunctionBlock.FbdConnector",
        "__ClassName__": "FbdConnector",
        "__ClassData__": {
            "_Component__parent": "Ex1",
            "_Component__tag": "Ex104",
            "_Component__name": "",
            "_Component__comment": "",
            "_dict": {},
            "_frame": null,
            "view": {},
            "_Connector__out_tag": "Ex102",
            "_Connector__in_tag": "Ex84",
            "active": null,
            "coords": [
                394.0,
                260.0,
                472.0,
                260.0,
                472.0,
                240.0,
                506.0,
                240.0
            ]
        }
    },
    "Ex105": {
        "__ModuleName__": "FunctionBlock.GeneratorFun",
        "__ClassName__": "GeneratorFun",
        "__ClassData__": {
            "_Component__parent": "Ex1",
            "_Component__tag": "Ex105",
            "_Component__name": "Generator",
            "_Component__comment": "信号发生器",
            "_dict": {},
            "_frame": null,
            "view": {},
            "_Composite__children": [
                "Ex106",
                "Ex107",
                "Ex108",
                "Ex109"
            ],
            "_caption_height": 20,
            "top_offset": 0,
            "x": 100.0,
            "y": 216.0,
            "width": 80,
            "bottom_margin": 0.5,
            "last_pos": 2,
            "strategy": {
                "__ModuleName__": "FunctionBlock.GeneratorStrategy",
                "__ClassName__": "GeneratorStrategy",
                "__ClassData__": {
                    "key": "Ex105",
                    "generator": {
                        "__ModuleName__": "FunctionBlock.TriangleGenerator",
                        "__ClassName__": "TriangleGenerator",
                        "__ClassData__": {
                            "t": 1906
                        }
                    }
                }
            }
        }
    },
    "Ex106": {
        "__ModuleName__": "Framework.InputPort",
        "__ClassName__": "InputPort",
        "__ClassData__": {
            "_Component__parent": "Ex105",
            "_Component__tag": "Ex106",
            "_Component__name": "Type",
            "_Component__comment": "0：正弦波,1:方波,2:三角波",
            "_dict": {},
            "_frame": null,
            "view": {},
            "x": 100.0,
            "y": 244.0,
            "pos": 0,
            "_DataPort__value": "2",
            "_InputPort__connector": null,
            "color": "black"
        }
    },
    "Ex107": {
        "__ModuleName__": "Framework.InputPort",
        "__ClassName__": "InputPort",
        "__ClassData__": {
            "_Component__parent": "Ex105",
            "_Component__tag": "Ex107",
            "_Component__name": "A",
            "_Component__comment": "振幅",
            "_dict": {},
            "_frame": null,
            "view": {},
            "x": 100.0,
            "y": 260.0,
            "pos": 1,
            "_DataPort__value": "3",
            "_InputPort__connector": null,
            "color": "black"
        }
    },
    "Ex108": {
        "__ModuleName__": "Framework.InputPort",
        "__ClassName__": "InputPort",
        "__ClassData__": {
            "_Component__parent": "Ex105",
            "_Component__tag": "Ex108",
            "_Component__name": "T",
            "_Component__comment": "周期",
            "_dict": {},
            "_frame": null,
            "view": {},
            "x": 100.0,
            "y": 276.0,
            "pos": 2,
            "_DataPort__value": "50",
            "_InputPort__connector": null,
            "color": "black"
        }
    },
    "Ex109": {
        "__ModuleName__": "Framework.OutputPort",
        "__ClassName__": "OutputPort",
        "__ClassData__": {
            "_Component__parent": "Ex105",
            "_Component__tag": "Ex109",
            "_Component__name": "Out",
            "_Component__comment": "输出",
            "_dict": {},
            "_frame": null,
            "view": {},
            "x": 180.0,
            "y": 244.0,
            "pos": 0,
            "_DataPort__value": 0,
            "_OutputPort__c_tags": [
                "Ex111",
                "Ex112",
                "Ex120"
            ]
        }
    },
    "Ex111": {
        "__ModuleName__": "FunctionBlock.FbdConnector",
        "__ClassName__": "FbdConnector",
        "__ClassData__": {
            "_Component__parent": "Ex1",
            "_Component__tag": "Ex111",
            "_Component__name": "",
            "_Component__comment": "",
            "_dict": {},
            "_frame": null,
            "view": {},
            "_Connector__out_tag": "Ex109",
            "_Connector__in_tag": "Ex97",
            "active": null,
            "coords": [
                190.0,
                244.0,
                236.0,
                244.0,
                236.0,
                260.0,
                294.0,
                260.0
            ]
        }
    },
    "Ex112": {
        "__ModuleName__": "FunctionBlock.FbdConnector",
        "__ClassName__": "FbdConnector",
        "__ClassData__": {
            "_Component__parent": "Ex1",
            "_Component__tag": "Ex112",
            "_Component__name": "",
            "_Component__comment": "",
            "_dict": {},
            "_frame": null,
            "view": {},
            "_Connector__out_tag": "Ex109",
            "_Connector__in_tag": "Ex83",
            "active": null,
            "coords": [
                190.0,
                244.0,
                272.0,
                244.0,
                272.0,
                224.0,
                506.0,
                224.0
            ]
        }
    },
    "Ex113": {
        "__ModuleName__": "FunctionBlock.GraphFun",
        "__ClassName__": "GraphFun",
        "__ClassData__": {
            "_Component__parent": "Ex1",
            "_Component__tag": "Ex113",
            "_Component__name": "Graph",
            "_Component__comment": "趋势曲线图",
            "_dict": {},
            "_frame": null,
            "view": {},
            "_Composite__children": [
                "Ex114",
                "Ex115",
                "Ex116",
                "Ex117",
                "Ex118",
                "Ex119"
            ],
            "_caption_height": 20,
            "top_offset": 0,
            "x": 512.0,
            "y": 20.0,
            "width": 200,
            "bottom_margin": 2,
            "last_pos": 5,
            "strategy": {
                "__ModuleName__": "FunctionBlock.BarGraphStrategy",
                "__ClassName__": "BarGraphStrategy",
                "__ClassData__": {
                    "key": "Ex113",
                    "display_names": {
                        "In1": "In1",
                        "In2": "In2",
                        "In3": "In3"
                    },
                    "colors": {
                        "In1": "red",
                        "In2": "blue",
                        "In3": "green"
                    },
                    "type": "line",
                    "data": {}
                }
            }
        }
    },
    "Ex114": {
        "__ModuleName__": "Framework.InputPort",
        "__ClassName__": "InputPort",
        "__ClassData__": {
            "_Component__parent": "Ex113",
            "_Component__tag": "Ex114",
            "_Component__name": "In1",
            "_Component__comment": "曲线输入1",
            "_dict": {},
            "_frame": null,
            "view": {},
            "x": 512.0,
            "y": 48.0,
            "pos": 0,
            "_DataPort__value": 0,
            "_InputPort__connector": "Ex120",
            "color": "red"
        }
    },
    "Ex115": {
        "__ModuleName__": "Framework.InputPort",
        "__ClassName__": "InputPort",
        "__ClassData__": {
            "_Component__parent": "Ex113",
            "_Component__tag": "Ex115",
            "_Component__name": "In2",
            "_Component__comment": "曲线输入2",
            "_dict": {},
            "_frame": null,
            "view": {},
            "x": 512.0,
            "y": 64.0,
            "pos": 1,
            "_DataPort__value": 0,
            "_InputPort__connector": "Ex121",
            "color": "blue"
        }
    },
    "Ex116": {
        "__ModuleName__": "Framework.InputPort",
        "__ClassName__": "InputPort",
        "__ClassData__": {
            "_Component__parent": "Ex113",
            "_Component__tag": "Ex116",
            "_Component__name": "In3",
            "_Component__comment": "曲线输入3",
            "_dict": {},
            "_frame": null,
            "view": {},
            "x": 512.0,
            "y": 80.0,
            "pos": 2,
            "_DataPort__value": "0",
            "_InputPort__connector": null,
            "color": "green"
        }
    },
    "Ex117": {
        "__ModuleName__": "Framework.InputPort",
        "__ClassName__": "InputPort",
        "__ClassData__": {
            "_Component__parent": "Ex113",
            "_Component__tag": "Ex117",
            "_Component__name": "Type",
            "_Component__comment": "0：趋势曲线,1:柱状图",
            "_dict": {},
            "_frame": null,
            "view": {},
            "x": 512.0,
            "y": 96.0,
            "pos": 3,
            "_DataPort__value": "1",
            "_InputPort__connector": null,
            "color": "black"
        }
    },
    "Ex118": {
        "__ModuleName__": "Framework.InputPort",
        "__ClassName__": "InputPort",
        "__ClassData__": {
            "_Component__parent": "Ex113",
            "_Component__tag": "Ex118",
            "_Component__name": "min",
            "_Component__comment": "表示下限",
            "_dict": {},
            "_frame": null,
            "view": {},
            "x": 512.0,
            "y": 112.0,
            "pos": 4,
            "_DataPort__value": "-10",
            "_InputPort__connector": null,
            "color": "black"
        }
    },
    "Ex119": {
        "__ModuleName__": "Framework.InputPort",
        "__ClassName__": "InputPort",
        "__ClassData__": {
            "_Component__parent": "Ex113",
            "_Component__tag": "Ex119",
            "_Component__name": "max",
            "_Component__comment": "表示上限",
            "_dict": {},
            "_frame": null,
            "view": {},
            "x": 512.0,
            "y": 128.0,
            "pos": 5,
            "_DataPort__value": "10",
            "_InputPort__connector": null,
            "color": "black"
        }
    },
    "Ex120": {
        "__ModuleName__": "FunctionBlock.FbdConnector",
        "__ClassName__": "FbdConnector",
        "__ClassData__": {
            "_Component__parent": "Ex1",
            "_Component__tag": "Ex120",
            "_Component__name": "",
            "_Component__comment": "",
            "_dict": {},
            "_frame": null,
            "view": {},
            "_Connector__out_tag": "Ex109",
            "_Connector__in_tag": "Ex114",
            "active": null,
            "coords": [
                190.0,
                244.0,
                272.0,
                244.0,
                272.0,
                48.0,
                502.0,
                48.0
            ]
        }
    },
    "Ex121": {
        "__ModuleName__": "FunctionBlock.FbdConnector",
        "__ClassName__": "FbdConnector",
        "__ClassData__": {
            "_Component__parent": "Ex1",
            "_Component__tag": "Ex121",
            "_Component__name": "",
            "_Component__comment": "",
            "_dict": {},
            "_frame": null,
            "view": {},
            "_Connector__out_tag": "Ex102",
            "_Connector__in_tag": "Ex115",
            "active": null,
            "coords": [
                394.0,
                260.0,
                472.0,
                260.0,
                472.0,
                64.0,
                502.0,
                64.0
            ]
        }
    }
}