{
    "tag_factory": {
        "__ModuleName__": "Framework.TagFactory",
        "__ClassName__": "TagFactory",
        "__ClassData__": {
            "current": 33,
            "f_tag": "tag_factory"
        }
    },
    "Ex1": {
        "__ModuleName__": "Framework.TopDiagram",
        "__ClassName__": "TopDiagram",
        "__ClassData__": {
            "_Component__parent": null,
            "_Component__tag": "Ex1",
            "_Component__name": "Top",
            "_Component__comment": "",
            "_dict": {},
            "_frame": null,
            "view": {},
            "_Composite__children": [
                "Ex2",
                "Ex6",
                "Ex10",
                "Ex16",
                "Ex19",
                "Ex24",
                "Ex25",
                "Ex26",
                "Ex27",
                "Ex29",
                "Ex30",
                "Ex31",
                "Ex32"
            ],
            "type": "Electric Appliance Control",
            "factorys": {}
        }
    },
    "Ex2": {
        "__ModuleName__": "ElectricCooker.OpPanel",
        "__ClassName__": "OpPanel",
        "__ClassData__": {
            "_Component__parent": "Ex1",
            "_Component__tag": "Ex2",
            "_Component__name": "OpPanel",
            "_Component__comment": "操作面板",
            "_dict": {},
            "_frame": null,
            "view": {},
            "_Composite__children": [
                "Ex3",
                "Ex4",
                "Ex5"
            ],
            "_caption_height": 20,
            "top_offset": 0,
            "x": 84.0,
            "y": 80.0,
            "width": 80,
            "bottom_margin": 0.5,
            "last_pos": 1
        }
    },
    "Ex3": {
        "__ModuleName__": "Framework.InputPort",
        "__ClassName__": "InputPort",
        "__ClassData__": {
            "_Component__parent": "Ex2",
            "_Component__tag": "Ex3",
            "_Component__name": "En",
            "_Component__comment": "1:功能有效,0:功能禁止",
            "_dict": {},
            "_frame": null,
            "view": {},
            "x": 84.0,
            "y": 108.0,
            "pos": 0,
            "_DataPort__value": 0,
            "_InputPort__connector": null,
            "color": "black"
        }
    },
    "Ex4": {
        "__ModuleName__": "Framework.OutputPort",
        "__ClassName__": "OutputPort",
        "__ClassData__": {
            "_Component__parent": "Ex2",
            "_Component__tag": "Ex4",
            "_Component__name": "Md",
            "_Component__comment": "动作模式输出",
            "_dict": {},
            "_frame": null,
            "view": {},
            "x": 164.0,
            "y": 108.0,
            "pos": 0,
            "_DataPort__value": 0,
            "_OutputPort__c_tags": [
                "Ex24",
                "Ex30"
            ]
        }
    },
    "Ex5": {
        "__ModuleName__": "Framework.OutputPort",
        "__ClassName__": "OutputPort",
        "__ClassData__": {
            "_Component__parent": "Ex2",
            "_Component__tag": "Ex5",
            "_Component__name": "Start",
            "_Component__comment": "启动信号输出",
            "_dict": {},
            "_frame": null,
            "view": {},
            "x": 164.0,
            "y": 124.0,
            "pos": 1,
            "_DataPort__value": 0,
            "_OutputPort__c_tags": [
                "Ex25"
            ]
        }
    },
    "Ex6": {
        "__ModuleName__": "ElectricCooker.TempSensor",
        "__ClassName__": "TempSensor",
        "__ClassData__": {
            "_Component__parent": "Ex1",
            "_Component__tag": "Ex6",
            "_Component__name": "TempSensor",
            "_Component__comment": "温度传感器",
            "_dict": {},
            "_frame": null,
            "view": {},
            "_Composite__children": [
                "Ex7",
                "Ex8",
                "Ex9"
            ],
            "_caption_height": 20,
            "top_offset": 0,
            "x": 84.0,
            "y": 208.0,
            "width": 80,
            "bottom_margin": 0.5,
            "last_pos": 1
        }
    },
    "Ex7": {
        "__ModuleName__": "Framework.InputPort",
        "__ClassName__": "InputPort",
        "__ClassData__": {
            "_Component__parent": "Ex6",
            "_Component__tag": "Ex7",
            "_Component__name": "Type",
            "_Component__comment": "1:热电偶，2:热电阻，3：红外",
            "_dict": {},
            "_frame": null,
            "view": {},
            "x": 84.0,
            "y": 236.0,
            "pos": 0,
            "_DataPort__value": 0,
            "_InputPort__connector": null,
            "color": "black"
        }
    },
    "Ex8": {
        "__ModuleName__": "Framework.InputPort",
        "__ClassName__": "InputPort",
        "__ClassData__": {
            "_Component__parent": "Ex6",
            "_Component__tag": "Ex8",
            "_Component__name": "En",
            "_Component__comment": "1:功能有效，0:功能禁止",
            "_dict": {},
            "_frame": null,
            "view": {},
            "x": 84.0,
            "y": 252.0,
            "pos": 1,
            "_DataPort__value": 0,
            "_InputPort__connector": null,
            "color": "black"
        }
    },
    "Ex9": {
        "__ModuleName__": "Framework.OutputPort",
        "__ClassName__": "OutputPort",
        "__ClassData__": {
            "_Component__parent": "Ex6",
            "_Component__tag": "Ex9",
            "_Component__name": "Out",
            "_Component__comment": "温度输出",
            "_dict": {},
            "_frame": null,
            "view": {},
            "x": 164.0,
            "y": 236.0,
            "pos": 0,
            "_DataPort__value": 0,
            "_OutputPort__c_tags": [
                "Ex26",
                "Ex27"
            ]
        }
    },
    "Ex10": {
        "__ModuleName__": "ElectricCooker.HeatingController",
        "__ClassName__": "HeatingController",
        "__ClassData__": {
            "_Component__parent": "Ex1",
            "_Component__tag": "Ex10",
            "_Component__name": "Controller",
            "_Component__comment": "煮饭控制器",
            "_dict": {},
            "_frame": null,
            "view": {},
            "_Composite__children": [
                "Ex11",
                "Ex12",
                "Ex13",
                "Ex14",
                "Ex15"
            ],
            "_caption_height": 20,
            "top_offset": 0,
            "x": 244.0,
            "y": 128.0,
            "width": 80,
            "bottom_margin": 0.5,
            "last_pos": 2
        }
    },
    "Ex11": {
        "__ModuleName__": "Framework.InputPort",
        "__ClassName__": "InputPort",
        "__ClassData__": {
            "_Component__parent": "Ex10",
            "_Component__tag": "Ex11",
            "_Component__name": "Md",
            "_Component__comment": "1:PID控制,2:模糊控制，3:AI控制",
            "_dict": {},
            "_frame": null,
            "view": {},
            "x": 244.0,
            "y": 156.0,
            "pos": 0,
            "_DataPort__value": 0,
            "_InputPort__connector": "Ex24",
            "color": "black"
        }
    },
    "Ex12": {
        "__ModuleName__": "Framework.InputPort",
        "__ClassName__": "InputPort",
        "__ClassData__": {
            "_Component__parent": "Ex10",
            "_Component__tag": "Ex12",
            "_Component__name": "Run",
            "_Component__comment": "控制有效",
            "_dict": {},
            "_frame": null,
            "view": {},
            "x": 244.0,
            "y": 172.0,
            "pos": 1,
            "_DataPort__value": 0,
            "_InputPort__connector": "Ex25",
            "color": "black"
        }
    },
    "Ex13": {
        "__ModuleName__": "Framework.InputPort",
        "__ClassName__": "InputPort",
        "__ClassData__": {
            "_Component__parent": "Ex10",
            "_Component__tag": "Ex13",
            "_Component__name": "Act",
            "_Component__comment": "温度实际值(°C）",
            "_dict": {},
            "_frame": null,
            "view": {},
            "x": 244.0,
            "y": 188.0,
            "pos": 2,
            "_DataPort__value": 0,
            "_InputPort__connector": "Ex26",
            "color": "black"
        }
    },
    "Ex14": {
        "__ModuleName__": "Framework.OutputPort",
        "__ClassName__": "OutputPort",
        "__ClassData__": {
            "_Component__parent": "Ex10",
            "_Component__tag": "Ex14",
            "_Component__name": "Out",
            "_Component__comment": "控制输出",
            "_dict": {},
            "_frame": null,
            "view": {},
            "x": 324.0,
            "y": 156.0,
            "pos": 0,
            "_DataPort__value": 0,
            "_OutputPort__c_tags": [
                "Ex29",
                "Ex32"
            ]
        }
    },
    "Ex15": {
        "__ModuleName__": "Framework.OutputPort",
        "__ClassName__": "OutputPort",
        "__ClassData__": {
            "_Component__parent": "Ex10",
            "_Component__tag": "Ex15",
            "_Component__name": "Sta",
            "_Component__comment": "控制器状态",
            "_dict": {},
            "_frame": null,
            "view": {},
            "x": 324.0,
            "y": 172.0,
            "pos": 1,
            "_DataPort__value": 0,
            "_OutputPort__c_tags": [
                "Ex31"
            ]
        }
    },
    "Ex16": {
        "__ModuleName__": "ElectricCooker.Heater",
        "__ClassName__": "Heater",
        "__ClassData__": {
            "_Component__parent": "Ex1",
            "_Component__tag": "Ex16",
            "_Component__name": "Heater",
            "_Component__comment": "加热器",
            "_dict": {},
            "_frame": null,
            "view": {},
            "_Composite__children": [
                "Ex17",
                "Ex18"
            ],
            "_caption_height": 20,
            "top_offset": 0,
            "x": 404.0,
            "y": 76.0,
            "width": 80,
            "bottom_margin": 0.5,
            "last_pos": 1
        }
    },
    "Ex17": {
        "__ModuleName__": "Framework.InputPort",
        "__ClassName__": "InputPort",
        "__ClassData__": {
            "_Component__parent": "Ex16",
            "_Component__tag": "Ex17",
            "_Component__name": "Mode",
            "_Component__comment": "1：模拟量，2：PWM",
            "_dict": {},
            "_frame": null,
            "view": {},
            "x": 404.0,
            "y": 104.0,
            "pos": 0,
            "_DataPort__value": 0,
            "_InputPort__connector": "Ex30",
            "color": "black"
        }
    },
    "Ex18": {
        "__ModuleName__": "Framework.InputPort",
        "__ClassName__": "InputPort",
        "__ClassData__": {
            "_Component__parent": "Ex16",
            "_Component__tag": "Ex18",
            "_Component__name": "In",
            "_Component__comment": "控制输入",
            "_dict": {},
            "_frame": null,
            "view": {},
            "x": 404.0,
            "y": 120.0,
            "pos": 1,
            "_DataPort__value": 0,
            "_InputPort__connector": "Ex29",
            "color": "black"
        }
    },
    "Ex19": {
        "__ModuleName__": "ElectricCooker.Display",
        "__ClassName__": "Display",
        "__ClassData__": {
            "_Component__parent": "Ex1",
            "_Component__tag": "Ex19",
            "_Component__name": "Display",
            "_Component__comment": "表示面板",
            "_dict": {},
            "_frame": null,
            "view": {},
            "_Composite__children": [
                "Ex20",
                "Ex21",
                "Ex22",
                "Ex23"
            ],
            "_caption_height": 20,
            "top_offset": 0,
            "x": 404.0,
            "y": 196.0,
            "width": 80,
            "bottom_margin": 0.5,
            "last_pos": 2
        }
    },
    "Ex20": {
        "__ModuleName__": "Framework.InputPort",
        "__ClassName__": "InputPort",
        "__ClassData__": {
            "_Component__parent": "Ex19",
            "_Component__tag": "Ex20",
            "_Component__name": "In1",
            "_Component__comment": "输入1",
            "_dict": {},
            "_frame": null,
            "view": {},
            "x": 404.0,
            "y": 224.0,
            "pos": 0,
            "_DataPort__value": 0,
            "_InputPort__connector": "Ex32",
            "color": "black"
        }
    },
    "Ex21": {
        "__ModuleName__": "Framework.InputPort",
        "__ClassName__": "InputPort",
        "__ClassData__": {
            "_Component__parent": "Ex19",
            "_Component__tag": "Ex21",
            "_Component__name": "In2",
            "_Component__comment": "输入2",
            "_dict": {},
            "_frame": null,
            "view": {},
            "x": 404.0,
            "y": 240.0,
            "pos": 1,
            "_DataPort__value": 0,
            "_InputPort__connector": "Ex31",
            "color": "black"
        }
    },
    "Ex22": {
        "__ModuleName__": "Framework.InputPort",
        "__ClassName__": "InputPort",
        "__ClassData__": {
            "_Component__parent": "Ex19",
            "_Component__tag": "Ex22",
            "_Component__name": "In3",
            "_Component__comment": "输入3",
            "_dict": {},
            "_frame": null,
            "view": {},
            "x": 404.0,
            "y": 256.0,
            "pos": 2,
            "_DataPort__value": 0,
            "_InputPort__connector": "Ex27",
            "color": "black"
        }
    },
    "Ex23": {
        "__ModuleName__": "Framework.OutputPort",
        "__ClassName__": "OutputPort",
        "__ClassData__": {
            "_Component__parent": "Ex19",
            "_Component__tag": "Ex23",
            "_Component__name": "Sta",
            "_Component__comment": "状态输入",
            "_dict": {},
            "_frame": null,
            "view": {},
            "x": 484.0,
            "y": 224.0,
            "pos": 0,
            "_DataPort__value": 0,
            "_OutputPort__c_tags": []
        }
    },
    "Ex24": {
        "__ModuleName__": "ElectricCooker.EcConnector",
        "__ClassName__": "EcConnector",
        "__ClassData__": {
            "_Component__parent": "Ex1",
            "_Component__tag": "Ex24",
            "_Component__name": "",
            "_Component__comment": "",
            "_dict": {},
            "_frame": null,
            "view": {},
            "_Connector__out_tag": "Ex4",
            "_Connector__in_tag": "Ex11",
            "active": 1,
            "coords": [
                174.0,
                108.0,
                216.0,
                108.0,
                216.0,
                156.0,
                234.0,
                156.0
            ]
        }
    },
    "Ex25": {
        "__ModuleName__": "ElectricCooker.EcConnector",
        "__ClassName__": "EcConnector",
        "__ClassData__": {
            "_Component__parent": "Ex1",
            "_Component__tag": "Ex25",
            "_Component__name": "",
            "_Component__comment": "",
            "_dict": {},
            "_frame": null,
            "view": {},
            "_Connector__out_tag": "Ex5",
            "_Connector__in_tag": "Ex12",
            "active": null,
            "coords": [
                174.0,
                124.0,
                200.0,
                124.0,
                200.0,
                172.0,
                234.0,
                172.0
            ]
        }
    },
    "Ex26": {
        "__ModuleName__": "ElectricCooker.EcConnector",
        "__ClassName__": "EcConnector",
        "__ClassData__": {
            "_Component__parent": "Ex1",
            "_Component__tag": "Ex26",
            "_Component__name": "",
            "_Component__comment": "",
            "_dict": {},
            "_frame": null,
            "view": {},
            "_Connector__out_tag": "Ex9",
            "_Connector__in_tag": "Ex13",
            "active": null,
            "coords": [
                174.0,
                236.0,
                204.0,
                236.0,
                204.0,
                188.0,
                234.0,
                188.0
            ]
        }
    },
    "Ex27": {
        "__ModuleName__": "ElectricCooker.EcConnector",
        "__ClassName__": "EcConnector",
        "__ClassData__": {
            "_Component__parent": "Ex1",
            "_Component__tag": "Ex27",
            "_Component__name": "",
            "_Component__comment": "",
            "_dict": {},
            "_frame": null,
            "view": {},
            "_Connector__out_tag": "Ex9",
            "_Connector__in_tag": "Ex22",
            "active": null,
            "coords": [
                174.0,
                236.0,
                288.0,
                236.0,
                288.0,
                256.0,
                394.0,
                256.0
            ]
        }
    },
    "Ex29": {
        "__ModuleName__": "ElectricCooker.EcConnector",
        "__ClassName__": "EcConnector",
        "__ClassData__": {
            "_Component__parent": "Ex1",
            "_Component__tag": "Ex29",
            "_Component__name": "",
            "_Component__comment": "",
            "_dict": {},
            "_frame": null,
            "view": {},
            "_Connector__out_tag": "Ex14",
            "_Connector__in_tag": "Ex18",
            "active": null,
            "coords": [
                334.0,
                156.0,
                368.0,
                156.0,
                368.0,
                120.0,
                394.0,
                120.0
            ]
        }
    },
    "Ex30": {
        "__ModuleName__": "ElectricCooker.EcConnector",
        "__ClassName__": "EcConnector",
        "__ClassData__": {
            "_Component__parent": "Ex1",
            "_Component__tag": "Ex30",
            "_Component__name": "",
            "_Component__comment": "",
            "_dict": {},
            "_frame": null,
            "view": {},
            "_Connector__out_tag": "Ex4",
            "_Connector__in_tag": "Ex17",
            "active": null,
            "coords": [
                174.0,
                108.0,
                216.0,
                108.0,
                216.0,
                104.0,
                394.0,
                104.0
            ]
        }
    },
    "Ex31": {
        "__ModuleName__": "ElectricCooker.EcConnector",
        "__ClassName__": "EcConnector",
        "__ClassData__": {
            "_Component__parent": "Ex1",
            "_Component__tag": "Ex31",
            "_Component__name": "",
            "_Component__comment": "",
            "_dict": {},
            "_frame": null,
            "view": {},
            "_Connector__out_tag": "Ex15",
            "_Connector__in_tag": "Ex21",
            "active": null,
            "coords": [
                334.0,
                172.0,
                360.0,
                172.0,
                360.0,
                240.0,
                394.0,
                240.0
            ]
        }
    },
    "Ex32": {
        "__ModuleName__": "ElectricCooker.EcConnector",
        "__ClassName__": "EcConnector",
        "__ClassData__": {
            "_Component__parent": "Ex1",
            "_Component__tag": "Ex32",
            "_Component__name": "",
            "_Component__comment": "",
            "_dict": {},
            "_frame": null,
            "view": {},
            "_Connector__out_tag": "Ex14",
            "_Connector__in_tag": "Ex20",
            "active": null,
            "coords": [
                334.0,
                156.0,
                368.0,
                156.0,
                368.0,
                224.0,
                394.0,
                224.0
            ]
        }
    }
}