{
    "tag_factory": {
        "__ModuleName__": "Framework.TagFactory",
        "__ClassName__": "TagFactory",
        "__ClassData__": {
            "current": 96,
            "f_tag": "tag_factory"
        }
    },
    "Ex1": {
        "__ModuleName__": "Framework.TopDiagram",
        "__ClassName__": "TopDiagram",
        "__ClassData__": {
            "_Component__parent": null,
            "_Component__tag": "Ex1",
            "_Component__name": "Top",
            "_Component__comment": "",
            "_dict": {},
            "_frame": null,
            "view": {},
            "_Composite__children": [
                "Ex45",
                "Ex82",
                "Ex94"
            ],
            "type": "Function Block Diagram",
            "factorys": {}
        }
    },
    "Ex45": {
        "__ModuleName__": "Framework.CustomBlock",
        "__ClassName__": "CustomBlock",
        "__ClassData__": {
            "_Component__parent": "Ex1",
            "_Component__tag": "Ex45",
            "_Component__name": "梯形波发生器",
            "_Component__comment": "用户自定义功能",
            "_dict": {},
            "_frame": null,
            "view": {},
            "_Composite__children": [
                "Ex89",
                "Ex90",
                "Ex91",
                "Ex92"
            ],
            "_caption_height": 20,
            "top_offset": 0,
            "x": 144.0,
            "y": 104.0,
            "width": 80,
            "bottom_margin": 0.5,
            "last_pos": 2,
            "_CustomBlock__diagram": "Ex47"
        }
    },
    "Ex47": {
        "__ModuleName__": "Framework.Diagram",
        "__ClassName__": "Diagram",
        "__ClassData__": {
            "_Component__parent": "Ex45",
            "_Component__tag": "Ex47",
            "_Component__name": "Sub Diagram",
            "_Component__comment": "",
            "_dict": {},
            "_frame": null,
            "view": null,
            "_Composite__children": [
                "Ex48",
                "Ex50",
                "Ex52",
                "Ex57",
                "Ex59",
                "Ex60",
                "Ex67",
                "Ex68",
                "Ex69",
                "Ex70",
                "Ex77",
                "Ex78",
                "Ex79",
                "Ex81"
            ]
        }
    },
    "Ex48": {
        "__ModuleName__": "Framework.InputBlock",
        "__ClassName__": "InputBlock",
        "__ClassData__": {
            "_Component__parent": "Ex47",
            "_Component__tag": "Ex48",
            "_Component__name": "A",
            "_Component__comment": "用户取得自定义功能的输入数据",
            "_dict": {},
            "_frame": null,
            "view": null,
            "_Composite__children": [
                "Ex49"
            ],
            "_caption_height": 0,
            "top_offset": 0,
            "x": 132.0,
            "y": 64.0,
            "width": 80,
            "bottom_margin": 0,
            "last_pos": 0
        }
    },
    "Ex49": {
        "__ModuleName__": "Framework.OutputPort",
        "__ClassName__": "OutputPort",
        "__ClassData__": {
            "_Component__parent": "Ex48",
            "_Component__tag": "Ex49",
            "_Component__name": "",
            "_Component__comment": "自定义模块输入",
            "_dict": {},
            "_frame": null,
            "view": null,
            "x": 212.0,
            "y": 72.0,
            "pos": 0,
            "_DataPort__value": 0,
            "_OutputPort__c_tags": [
                "Ex67"
            ]
        }
    },
    "Ex50": {
        "__ModuleName__": "Framework.InputBlock",
        "__ClassName__": "InputBlock",
        "__ClassData__": {
            "_Component__parent": "Ex47",
            "_Component__tag": "Ex50",
            "_Component__name": "Percent",
            "_Component__comment": "用户取得自定义功能的输入数据",
            "_dict": {},
            "_frame": null,
            "view": null,
            "_Composite__children": [
                "Ex51"
            ],
            "_caption_height": 0,
            "top_offset": 0,
            "x": 132.0,
            "y": 92.0,
            "width": 80,
            "bottom_margin": 0,
            "last_pos": 0
        }
    },
    "Ex51": {
        "__ModuleName__": "Framework.OutputPort",
        "__ClassName__": "OutputPort",
        "__ClassData__": {
            "_Component__parent": "Ex50",
            "_Component__tag": "Ex51",
            "_Component__name": "",
            "_Component__comment": "自定义模块输入",
            "_dict": {},
            "_frame": null,
            "view": null,
            "x": 212.0,
            "y": 100.0,
            "pos": 0,
            "_DataPort__value": 0,
            "_OutputPort__c_tags": [
                "Ex68"
            ]
        }
    },
    "Ex52": {
        "__ModuleName__": "FunctionBlock.GeneratorFun",
        "__ClassName__": "GeneratorFun",
        "__ClassData__": {
            "_Component__parent": "Ex47",
            "_Component__tag": "Ex52",
            "_Component__name": "Generator",
            "_Component__comment": "信号发生器",
            "_dict": {},
            "_frame": null,
            "view": null,
            "_Composite__children": [
                "Ex53",
                "Ex54",
                "Ex55",
                "Ex56"
            ],
            "_caption_height": 20,
            "top_offset": 0,
            "x": 136.0,
            "y": 164.0,
            "width": 80,
            "bottom_margin": 0.5,
            "last_pos": 2,
            "strategy": {
                "__ModuleName__": "FunctionBlock.GeneratorStrategy",
                "__ClassName__": "GeneratorStrategy",
                "__ClassData__": {
                    "key": "Ex52",
                    "generator": {
                        "__ModuleName__": "FunctionBlock.TriangleGenerator",
                        "__ClassName__": "TriangleGenerator",
                        "__ClassData__": {
                            "t": 6447
                        }
                    }
                }
            }
        }
    },
    "Ex53": {
        "__ModuleName__": "Framework.InputPort",
        "__ClassName__": "InputPort",
        "__ClassData__": {
            "_Component__parent": "Ex52",
            "_Component__tag": "Ex53",
            "_Component__name": "Type",
            "_Component__comment": "0：正弦波,1:方波,2:三角波",
            "_dict": {},
            "_frame": null,
            "view": null,
            "x": 136.0,
            "y": 192.0,
            "pos": 0,
            "_DataPort__value": "2",
            "_InputPort__connector": null,
            "color": "black"
        }
    },
    "Ex54": {
        "__ModuleName__": "Framework.InputPort",
        "__ClassName__": "InputPort",
        "__ClassData__": {
            "_Component__parent": "Ex52",
            "_Component__tag": "Ex54",
            "_Component__name": "A",
            "_Component__comment": "振幅",
            "_dict": {},
            "_frame": null,
            "view": null,
            "x": 136.0,
            "y": 208.0,
            "pos": 1,
            "_DataPort__value": "1",
            "_InputPort__connector": null,
            "color": "black"
        }
    },
    "Ex55": {
        "__ModuleName__": "Framework.InputPort",
        "__ClassName__": "InputPort",
        "__ClassData__": {
            "_Component__parent": "Ex52",
            "_Component__tag": "Ex55",
            "_Component__name": "T",
            "_Component__comment": "周期",
            "_dict": {},
            "_frame": null,
            "view": null,
            "x": 136.0,
            "y": 224.0,
            "pos": 2,
            "_DataPort__value": 0,
            "_InputPort__connector": "Ex59",
            "color": "black"
        }
    },
    "Ex56": {
        "__ModuleName__": "Framework.OutputPort",
        "__ClassName__": "OutputPort",
        "__ClassData__": {
            "_Component__parent": "Ex52",
            "_Component__tag": "Ex56",
            "_Component__name": "Out",
            "_Component__comment": "输出",
            "_dict": {},
            "_frame": null,
            "view": null,
            "x": 216.0,
            "y": 192.0,
            "pos": 0,
            "_DataPort__value": 0,
            "_OutputPort__c_tags": [
                "Ex69",
                "Ex78"
            ]
        }
    },
    "Ex57": {
        "__ModuleName__": "Framework.InputBlock",
        "__ClassName__": "InputBlock",
        "__ClassData__": {
            "_Component__parent": "Ex47",
            "_Component__tag": "Ex57",
            "_Component__name": "T",
            "_Component__comment": "用户取得自定义功能的输入数据",
            "_dict": {},
            "_frame": null,
            "view": null,
            "_Composite__children": [
                "Ex58"
            ],
            "_caption_height": 0,
            "top_offset": 0,
            "x": 12.0,
            "y": 144.0,
            "width": 80,
            "bottom_margin": 0,
            "last_pos": 0
        }
    },
    "Ex58": {
        "__ModuleName__": "Framework.OutputPort",
        "__ClassName__": "OutputPort",
        "__ClassData__": {
            "_Component__parent": "Ex57",
            "_Component__tag": "Ex58",
            "_Component__name": "",
            "_Component__comment": "自定义模块输入",
            "_dict": {},
            "_frame": null,
            "view": null,
            "x": 92.0,
            "y": 152.0,
            "pos": 0,
            "_DataPort__value": 0,
            "_OutputPort__c_tags": [
                "Ex59"
            ]
        }
    },
    "Ex59": {
        "__ModuleName__": "FunctionBlock.FbdConnector",
        "__ClassName__": "FbdConnector",
        "__ClassData__": {
            "_Component__parent": "Ex47",
            "_Component__tag": "Ex59",
            "_Component__name": "",
            "_Component__comment": "",
            "_dict": {},
            "_frame": null,
            "view": null,
            "_Connector__out_tag": "Ex58",
            "_Connector__in_tag": "Ex55",
            "active": null,
            "coords": [
                102.0,
                152.0,
                108.0,
                152.0,
                108.0,
                224.0,
                126.0,
                224.0
            ]
        }
    },
    "Ex60": {
        "__ModuleName__": "FunctionBlock.MathFun",
        "__ClassName__": "MathFun",
        "__ClassData__": {
            "_Component__parent": "Ex47",
            "_Component__tag": "Ex60",
            "_Component__name": "Math",
            "_Component__comment": "自定义数学运算\n支持四则运算,指数运算，三角函数等",
            "_dict": {},
            "_frame": null,
            "view": null,
            "_Composite__children": [
                "Ex61",
                "Ex62",
                "Ex63",
                "Ex64",
                "Ex65",
                "Ex66"
            ],
            "_caption_height": 20,
            "top_offset": 0,
            "x": 324.0,
            "y": 56.0,
            "width": 80,
            "bottom_margin": 0.5,
            "last_pos": 3,
            "strategy": {
                "__ModuleName__": "FunctionBlock.MathFunStrategy",
                "__ClassName__": "MathFunStrategy",
                "__ClassData__": {
                    "key": "Ex60",
                    "exprs": {
                        "Out1": [
                            "max(min(In2,In3),-In2)/In2*In1",
                            ""
                        ],
                        "Out2": [
                            "",
                            ""
                        ]
                    }
                }
            }
        }
    },
    "Ex61": {
        "__ModuleName__": "Framework.InputPort",
        "__ClassName__": "InputPort",
        "__ClassData__": {
            "_Component__parent": "Ex60",
            "_Component__tag": "Ex61",
            "_Component__name": "In1",
            "_Component__comment": "运算输入1",
            "_dict": {},
            "_frame": null,
            "view": null,
            "x": 324.0,
            "y": 84.0,
            "pos": 0,
            "_DataPort__value": 0,
            "_InputPort__connector": "Ex67",
            "color": "black"
        }
    },
    "Ex62": {
        "__ModuleName__": "Framework.InputPort",
        "__ClassName__": "InputPort",
        "__ClassData__": {
            "_Component__parent": "Ex60",
            "_Component__tag": "Ex62",
            "_Component__name": "In2",
            "_Component__comment": "运算输入2",
            "_dict": {},
            "_frame": null,
            "view": null,
            "x": 324.0,
            "y": 100.0,
            "pos": 1,
            "_DataPort__value": 0,
            "_InputPort__connector": "Ex68",
            "color": "black"
        }
    },
    "Ex63": {
        "__ModuleName__": "Framework.InputPort",
        "__ClassName__": "InputPort",
        "__ClassData__": {
            "_Component__parent": "Ex60",
            "_Component__tag": "Ex63",
            "_Component__name": "In3",
            "_Component__comment": "运算输入3",
            "_dict": {},
            "_frame": null,
            "view": null,
            "x": 324.0,
            "y": 116.0,
            "pos": 2,
            "_DataPort__value": 0,
            "_InputPort__connector": "Ex69",
            "color": "black"
        }
    },
    "Ex64": {
        "__ModuleName__": "Framework.InputPort",
        "__ClassName__": "InputPort",
        "__ClassData__": {
            "_Component__parent": "Ex60",
            "_Component__tag": "Ex64",
            "_Component__name": "In4",
            "_Component__comment": "运算输入3",
            "_dict": {},
            "_frame": null,
            "view": null,
            "x": 324.0,
            "y": 132.0,
            "pos": 3,
            "_DataPort__value": "0",
            "_InputPort__connector": null,
            "color": "black"
        }
    },
    "Ex65": {
        "__ModuleName__": "Framework.OutputPort",
        "__ClassName__": "OutputPort",
        "__ClassData__": {
            "_Component__parent": "Ex60",
            "_Component__tag": "Ex65",
            "_Component__name": "Out1",
            "_Component__comment": "运算输出1表达式,自由输入",
            "_dict": {},
            "_frame": null,
            "view": null,
            "x": 404.0,
            "y": 84.0,
            "pos": 0,
            "_DataPort__value": 0,
            "_OutputPort__c_tags": [
                "Ex77",
                "Ex81"
            ]
        }
    },
    "Ex66": {
        "__ModuleName__": "Framework.OutputPort",
        "__ClassName__": "OutputPort",
        "__ClassData__": {
            "_Component__parent": "Ex60",
            "_Component__tag": "Ex66",
            "_Component__name": "Out2",
            "_Component__comment": "运算输出2表达式,自由输入",
            "_dict": {},
            "_frame": null,
            "view": null,
            "x": 404.0,
            "y": 100.0,
            "pos": 1,
            "_DataPort__value": 0,
            "_OutputPort__c_tags": []
        }
    },
    "Ex67": {
        "__ModuleName__": "FunctionBlock.FbdConnector",
        "__ClassName__": "FbdConnector",
        "__ClassData__": {
            "_Component__parent": "Ex47",
            "_Component__tag": "Ex67",
            "_Component__name": "",
            "_Component__comment": "",
            "_dict": {},
            "_frame": null,
            "view": null,
            "_Connector__out_tag": "Ex49",
            "_Connector__in_tag": "Ex61",
            "active": null,
            "coords": [
                222.0,
                72.0,
                296.0,
                72.0,
                296.0,
                84.0,
                314.0,
                84.0
            ]
        }
    },
    "Ex68": {
        "__ModuleName__": "FunctionBlock.FbdConnector",
        "__ClassName__": "FbdConnector",
        "__ClassData__": {
            "_Component__parent": "Ex47",
            "_Component__tag": "Ex68",
            "_Component__name": "",
            "_Component__comment": "",
            "_dict": {},
            "_frame": null,
            "view": null,
            "_Connector__out_tag": "Ex51",
            "_Connector__in_tag": "Ex62",
            "active": null,
            "coords": [
                222.0,
                100.0,
                296.0,
                100.0,
                296.0,
                100.0,
                314.0,
                100.0
            ]
        }
    },
    "Ex69": {
        "__ModuleName__": "FunctionBlock.FbdConnector",
        "__ClassName__": "FbdConnector",
        "__ClassData__": {
            "_Component__parent": "Ex47",
            "_Component__tag": "Ex69",
            "_Component__name": "",
            "_Component__comment": "",
            "_dict": {},
            "_frame": null,
            "view": null,
            "_Connector__out_tag": "Ex56",
            "_Connector__in_tag": "Ex63",
            "active": 1,
            "coords": [
                226.0,
                192.0,
                284.0,
                192.0,
                284.0,
                116.0,
                314.0,
                116.0
            ]
        }
    },
    "Ex70": {
        "__ModuleName__": "FunctionBlock.GraphFun",
        "__ClassName__": "GraphFun",
        "__ClassData__": {
            "_Component__parent": "Ex47",
            "_Component__tag": "Ex70",
            "_Component__name": "Graph",
            "_Component__comment": "趋势曲线图",
            "_dict": {},
            "_frame": null,
            "view": null,
            "_Composite__children": [
                "Ex71",
                "Ex72",
                "Ex73",
                "Ex74",
                "Ex75",
                "Ex76"
            ],
            "_caption_height": 20,
            "top_offset": 0,
            "x": 460.0,
            "y": 184.0,
            "width": 200,
            "bottom_margin": 2,
            "last_pos": 5,
            "strategy": {
                "__ModuleName__": "FunctionBlock.TrendGraphStrategy",
                "__ClassName__": "TrendGraphStrategy",
                "__ClassData__": {
                    "key": "Ex70",
                    "display_names": {
                        "In1": "In1",
                        "In2": "In2",
                        "In3": "In3"
                    },
                    "colors": {
                        "In1": "red",
                        "In2": "blue",
                        "In3": "green"
                    },
                    "type": "line",
                    "data": {}
                }
            }
        }
    },
    "Ex71": {
        "__ModuleName__": "Framework.InputPort",
        "__ClassName__": "InputPort",
        "__ClassData__": {
            "_Component__parent": "Ex70",
            "_Component__tag": "Ex71",
            "_Component__name": "In1",
            "_Component__comment": "曲线输入1",
            "_dict": {},
            "_frame": null,
            "view": null,
            "x": 460.0,
            "y": 212.0,
            "pos": 0,
            "_DataPort__value": 0,
            "_InputPort__connector": "Ex77",
            "color": "red"
        }
    },
    "Ex72": {
        "__ModuleName__": "Framework.InputPort",
        "__ClassName__": "InputPort",
        "__ClassData__": {
            "_Component__parent": "Ex70",
            "_Component__tag": "Ex72",
            "_Component__name": "In2",
            "_Component__comment": "曲线输入2",
            "_dict": {},
            "_frame": null,
            "view": null,
            "x": 460.0,
            "y": 228.0,
            "pos": 1,
            "_DataPort__value": 0,
            "_InputPort__connector": "Ex78",
            "color": "blue"
        }
    },
    "Ex73": {
        "__ModuleName__": "Framework.InputPort",
        "__ClassName__": "InputPort",
        "__ClassData__": {
            "_Component__parent": "Ex70",
            "_Component__tag": "Ex73",
            "_Component__name": "In3",
            "_Component__comment": "曲线输入3",
            "_dict": {},
            "_frame": null,
            "view": null,
            "x": 460.0,
            "y": 244.0,
            "pos": 2,
            "_DataPort__value": 0,
            "_InputPort__connector": null,
            "color": "green"
        }
    },
    "Ex74": {
        "__ModuleName__": "Framework.InputPort",
        "__ClassName__": "InputPort",
        "__ClassData__": {
            "_Component__parent": "Ex70",
            "_Component__tag": "Ex74",
            "_Component__name": "Type",
            "_Component__comment": "0：趋势曲线,1:柱状图",
            "_dict": {},
            "_frame": null,
            "view": null,
            "x": 460.0,
            "y": 260.0,
            "pos": 3,
            "_DataPort__value": 0,
            "_InputPort__connector": null,
            "color": "black"
        }
    },
    "Ex75": {
        "__ModuleName__": "Framework.InputPort",
        "__ClassName__": "InputPort",
        "__ClassData__": {
            "_Component__parent": "Ex70",
            "_Component__tag": "Ex75",
            "_Component__name": "min",
            "_Component__comment": "表示下限",
            "_dict": {},
            "_frame": null,
            "view": null,
            "x": 460.0,
            "y": 276.0,
            "pos": 4,
            "_DataPort__value": -10,
            "_InputPort__connector": null,
            "color": "black"
        }
    },
    "Ex76": {
        "__ModuleName__": "Framework.InputPort",
        "__ClassName__": "InputPort",
        "__ClassData__": {
            "_Component__parent": "Ex70",
            "_Component__tag": "Ex76",
            "_Component__name": "max",
            "_Component__comment": "表示上限",
            "_dict": {},
            "_frame": null,
            "view": null,
            "x": 460.0,
            "y": 292.0,
            "pos": 5,
            "_DataPort__value": 10,
            "_InputPort__connector": null,
            "color": "black"
        }
    },
    "Ex77": {
        "__ModuleName__": "FunctionBlock.FbdConnector",
        "__ClassName__": "FbdConnector",
        "__ClassData__": {
            "_Component__parent": "Ex47",
            "_Component__tag": "Ex77",
            "_Component__name": "",
            "_Component__comment": "",
            "_dict": {},
            "_frame": null,
            "view": null,
            "_Connector__out_tag": "Ex65",
            "_Connector__in_tag": "Ex71",
            "active": 1,
            "coords": [
                414.0,
                84.0,
                436.0,
                84.0,
                436.0,
                212.0,
                450.0,
                212.0
            ]
        }
    },
    "Ex78": {
        "__ModuleName__": "FunctionBlock.FbdConnector",
        "__ClassName__": "FbdConnector",
        "__ClassData__": {
            "_Component__parent": "Ex47",
            "_Component__tag": "Ex78",
            "_Component__name": "",
            "_Component__comment": "",
            "_dict": {},
            "_frame": null,
            "view": null,
            "_Connector__out_tag": "Ex56",
            "_Connector__in_tag": "Ex72",
            "active": 1,
            "coords": [
                226.0,
                192.0,
                248.0,
                192.0,
                248.0,
                228.0,
                450.0,
                228.0
            ]
        }
    },
    "Ex79": {
        "__ModuleName__": "Framework.OutputBlock",
        "__ClassName__": "OutputBlock",
        "__ClassData__": {
            "_Component__parent": "Ex47",
            "_Component__tag": "Ex79",
            "_Component__name": "Out",
            "_Component__comment": "用于设定用户自定义模块的输出数据",
            "_dict": {},
            "_frame": null,
            "view": null,
            "_Composite__children": [
                "Ex80"
            ],
            "_caption_height": 0,
            "top_offset": 0,
            "x": 540.0,
            "y": 76.0,
            "width": 80,
            "bottom_margin": 0,
            "last_pos": 0
        }
    },
    "Ex80": {
        "__ModuleName__": "Framework.InputPort",
        "__ClassName__": "InputPort",
        "__ClassData__": {
            "_Component__parent": "Ex79",
            "_Component__tag": "Ex80",
            "_Component__name": "",
            "_Component__comment": "自定义功能输出",
            "_dict": {},
            "_frame": null,
            "view": null,
            "x": 540.0,
            "y": 84.0,
            "pos": 0,
            "_DataPort__value": 0,
            "_InputPort__connector": "Ex81",
            "color": "black"
        }
    },
    "Ex81": {
        "__ModuleName__": "FunctionBlock.FbdConnector",
        "__ClassName__": "FbdConnector",
        "__ClassData__": {
            "_Component__parent": "Ex47",
            "_Component__tag": "Ex81",
            "_Component__name": "",
            "_Component__comment": "",
            "_dict": {},
            "_frame": null,
            "view": null,
            "_Connector__out_tag": "Ex65",
            "_Connector__in_tag": "Ex80",
            "active": null,
            "coords": [
                414.0,
                84.0,
                524.0,
                84.0,
                524.0,
                84.0,
                530.0,
                84.0
            ]
        }
    },
    "Ex82": {
        "__ModuleName__": "FunctionBlock.GraphFun",
        "__ClassName__": "GraphFun",
        "__ClassData__": {
            "_Component__parent": "Ex1",
            "_Component__tag": "Ex82",
            "_Component__name": "Graph",
            "_Component__comment": "趋势曲线图",
            "_dict": {},
            "_frame": null,
            "view": {},
            "_Composite__children": [
                "Ex83",
                "Ex84",
                "Ex85",
                "Ex86",
                "Ex87",
                "Ex88"
            ],
            "_caption_height": 20,
            "top_offset": 0,
            "x": 444.0,
            "y": 120.0,
            "width": 200,
            "bottom_margin": 2,
            "last_pos": 5,
            "strategy": {
                "__ModuleName__": "FunctionBlock.TrendGraphStrategy",
                "__ClassName__": "TrendGraphStrategy",
                "__ClassData__": {
                    "key": "Ex82",
                    "display_names": {
                        "In1": "In1",
                        "In2": "In2",
                        "In3": "In3"
                    },
                    "colors": {
                        "In1": "red",
                        "In2": "blue",
                        "In3": "green"
                    },
                    "type": "line",
                    "data": {}
                }
            }
        }
    },
    "Ex83": {
        "__ModuleName__": "Framework.InputPort",
        "__ClassName__": "InputPort",
        "__ClassData__": {
            "_Component__parent": "Ex82",
            "_Component__tag": "Ex83",
            "_Component__name": "In1",
            "_Component__comment": "曲线输入1",
            "_dict": {},
            "_frame": null,
            "view": {},
            "x": 444.0,
            "y": 148.0,
            "pos": 0,
            "_DataPort__value": 0,
            "_InputPort__connector": "Ex94",
            "color": "red"
        }
    },
    "Ex84": {
        "__ModuleName__": "Framework.InputPort",
        "__ClassName__": "InputPort",
        "__ClassData__": {
            "_Component__parent": "Ex82",
            "_Component__tag": "Ex84",
            "_Component__name": "In2",
            "_Component__comment": "曲线输入2",
            "_dict": {},
            "_frame": null,
            "view": {},
            "x": 444.0,
            "y": 164.0,
            "pos": 1,
            "_DataPort__value": 0,
            "_InputPort__connector": null,
            "color": "blue"
        }
    },
    "Ex85": {
        "__ModuleName__": "Framework.InputPort",
        "__ClassName__": "InputPort",
        "__ClassData__": {
            "_Component__parent": "Ex82",
            "_Component__tag": "Ex85",
            "_Component__name": "In3",
            "_Component__comment": "曲线输入3",
            "_dict": {},
            "_frame": null,
            "view": {},
            "x": 444.0,
            "y": 180.0,
            "pos": 2,
            "_DataPort__value": 0,
            "_InputPort__connector": null,
            "color": "green"
        }
    },
    "Ex86": {
        "__ModuleName__": "Framework.InputPort",
        "__ClassName__": "InputPort",
        "__ClassData__": {
            "_Component__parent": "Ex82",
            "_Component__tag": "Ex86",
            "_Component__name": "Type",
            "_Component__comment": "0：趋势曲线,1:柱状图",
            "_dict": {},
            "_frame": null,
            "view": {},
            "x": 444.0,
            "y": 196.0,
            "pos": 3,
            "_DataPort__value": 0,
            "_InputPort__connector": null,
            "color": "black"
        }
    },
    "Ex87": {
        "__ModuleName__": "Framework.InputPort",
        "__ClassName__": "InputPort",
        "__ClassData__": {
            "_Component__parent": "Ex82",
            "_Component__tag": "Ex87",
            "_Component__name": "min",
            "_Component__comment": "表示下限",
            "_dict": {},
            "_frame": null,
            "view": {},
            "x": 444.0,
            "y": 212.0,
            "pos": 4,
            "_DataPort__value": -10,
            "_InputPort__connector": null,
            "color": "black"
        }
    },
    "Ex88": {
        "__ModuleName__": "Framework.InputPort",
        "__ClassName__": "InputPort",
        "__ClassData__": {
            "_Component__parent": "Ex82",
            "_Component__tag": "Ex88",
            "_Component__name": "max",
            "_Component__comment": "表示上限",
            "_dict": {},
            "_frame": null,
            "view": {},
            "x": 444.0,
            "y": 228.0,
            "pos": 5,
            "_DataPort__value": 10,
            "_InputPort__connector": null,
            "color": "black"
        }
    },
    "Ex89": {
        "__ModuleName__": "Framework.InputPort",
        "__ClassName__": "InputPort",
        "__ClassData__": {
            "_Component__parent": "Ex45",
            "_Component__tag": "Ex89",
            "_Component__name": "A",
            "_Component__comment": "",
            "_dict": {},
            "_frame": null,
            "view": {},
            "x": 144.0,
            "y": 132.0,
            "pos": 0,
            "_DataPort__value": "5",
            "_InputPort__connector": null,
            "color": "black"
        }
    },
    "Ex90": {
        "__ModuleName__": "Framework.InputPort",
        "__ClassName__": "InputPort",
        "__ClassData__": {
            "_Component__parent": "Ex45",
            "_Component__tag": "Ex90",
            "_Component__name": "T",
            "_Component__comment": "",
            "_dict": {},
            "_frame": null,
            "view": {},
            "x": 144.0,
            "y": 148.0,
            "pos": 1,
            "_DataPort__value": "70",
            "_InputPort__connector": null,
            "color": "black"
        }
    },
    "Ex91": {
        "__ModuleName__": "Framework.InputPort",
        "__ClassName__": "InputPort",
        "__ClassData__": {
            "_Component__parent": "Ex45",
            "_Component__tag": "Ex91",
            "_Component__name": "Percent",
            "_Component__comment": "",
            "_dict": {},
            "_frame": null,
            "view": {},
            "x": 144.0,
            "y": 164.0,
            "pos": 2,
            "_DataPort__value": "0.7",
            "_InputPort__connector": null,
            "color": "black"
        }
    },
    "Ex92": {
        "__ModuleName__": "Framework.OutputPort",
        "__ClassName__": "OutputPort",
        "__ClassData__": {
            "_Component__parent": "Ex45",
            "_Component__tag": "Ex92",
            "_Component__name": "Out",
            "_Component__comment": "",
            "_dict": {},
            "_frame": null,
            "view": {},
            "x": 224.0,
            "y": 148.0,
            "pos": 1,
            "_DataPort__value": "0",
            "_OutputPort__c_tags": [
                "Ex94"
            ]
        }
    },
    "Ex94": {
        "__ModuleName__": "FunctionBlock.FbdConnector",
        "__ClassName__": "FbdConnector",
        "__ClassData__": {
            "_Component__parent": "Ex1",
            "_Component__tag": "Ex94",
            "_Component__name": "",
            "_Component__comment": "",
            "_dict": {},
            "_frame": null,
            "view": {},
            "_Connector__out_tag": "Ex92",
            "_Connector__in_tag": "Ex83",
            "active": null,
            "coords": [
                234.0,
                148.0,
                380.0,
                148.0,
                380.0,
                148.0,
                434.0,
                148.0
            ]
        }
    }
}