{
    "tag_factory": {
        "__ModuleName__": "Framework.TagFactory",
        "__ClassName__": "TagFactory",
        "__ClassData__": {
            "current": 15,
            "f_tag": "tag_factory"
        }
    },
    "Ex1": {
        "__ModuleName__": "Framework.TopDiagram",
        "__ClassName__": "TopDiagram",
        "__ClassData__": {
            "_Component__parent": null,
            "_Component__tag": "Ex1",
            "_Component__name": "Top",
            "_Component__comment": "",
            "_dict": {},
            "_frame": null,
            "view": {},
            "_Composite__children": [
                "Ex2",
                "Ex7",
                "Ex14"
            ],
            "type": "Function Block Diagram",
            "factorys": {}
        }
    },
    "Ex2": {
        "__ModuleName__": "FunctionBlock.GeneratorFun",
        "__ClassName__": "GeneratorFun",
        "__ClassData__": {
            "_Component__parent": "Ex1",
            "_Component__tag": "Ex2",
            "_Component__name": "Generator",
            "_Component__comment": "信号发生器",
            "_dict": {},
            "_frame": null,
            "view": {},
            "_Composite__children": [
                "Ex3",
                "Ex4",
                "Ex5",
                "Ex6"
            ],
            "_caption_height": 20,
            "top_offset": 0,
            "x": 76.0,
            "y": 112.0,
            "width": 80,
            "bottom_margin": 0.5,
            "last_pos": 2,
            "strategy": {
                "__ModuleName__": "FunctionBlock.GeneratorStrategy",
                "__ClassName__": "GeneratorStrategy",
                "__ClassData__": {
                    "key": "Ex2",
                    "generator": {
                        "__ModuleName__": "FunctionBlock.SinGenerator",
                        "__ClassName__": "SinGenerator",
                        "__ClassData__": {
                            "t": 120
                        }
                    }
                }
            }
        }
    },
    "Ex3": {
        "__ModuleName__": "Framework.InputPort",
        "__ClassName__": "InputPort",
        "__ClassData__": {
            "_Component__parent": "Ex2",
            "_Component__tag": "Ex3",
            "_Component__name": "Type",
            "_Component__comment": "0：正弦波,1:方波,2:三角波",
            "_dict": {},
            "_frame": null,
            "view": {},
            "x": 76.0,
            "y": 140.0,
            "pos": 0,
            "_DataPort__value": "0",
            "_InputPort__connector": null,
            "color": "black"
        }
    },
    "Ex4": {
        "__ModuleName__": "Framework.InputPort",
        "__ClassName__": "InputPort",
        "__ClassData__": {
            "_Component__parent": "Ex2",
            "_Component__tag": "Ex4",
            "_Component__name": "A",
            "_Component__comment": "振幅",
            "_dict": {},
            "_frame": null,
            "view": {},
            "x": 76.0,
            "y": 156.0,
            "pos": 1,
            "_DataPort__value": "3",
            "_InputPort__connector": null,
            "color": "black"
        }
    },
    "Ex5": {
        "__ModuleName__": "Framework.InputPort",
        "__ClassName__": "InputPort",
        "__ClassData__": {
            "_Component__parent": "Ex2",
            "_Component__tag": "Ex5",
            "_Component__name": "T",
            "_Component__comment": "周期",
            "_dict": {},
            "_frame": null,
            "view": {},
            "x": 76.0,
            "y": 172.0,
            "pos": 2,
            "_DataPort__value": "50",
            "_InputPort__connector": null,
            "color": "black"
        }
    },
    "Ex6": {
        "__ModuleName__": "Framework.OutputPort",
        "__ClassName__": "OutputPort",
        "__ClassData__": {
            "_Component__parent": "Ex2",
            "_Component__tag": "Ex6",
            "_Component__name": "Out",
            "_Component__comment": "输出",
            "_dict": {},
            "_frame": null,
            "view": {},
            "x": 156.0,
            "y": 140.0,
            "pos": 0,
            "_DataPort__value": 0,
            "_OutputPort__c_tags": [
                "Ex14"
            ]
        }
    },
    "Ex7": {
        "__ModuleName__": "FunctionBlock.GraphFun",
        "__ClassName__": "GraphFun",
        "__ClassData__": {
            "_Component__parent": "Ex1",
            "_Component__tag": "Ex7",
            "_Component__name": "Graph",
            "_Component__comment": "趋势曲线图",
            "_dict": {},
            "_frame": null,
            "view": {},
            "_Composite__children": [
                "Ex8",
                "Ex9",
                "Ex10",
                "Ex11",
                "Ex12",
                "Ex13"
            ],
            "_caption_height": 20,
            "top_offset": 0,
            "x": 324.0,
            "y": 80.0,
            "width": 200,
            "bottom_margin": 2,
            "last_pos": 5,
            "strategy": {
                "__ModuleName__": "FunctionBlock.TrendGraphStrategy",
                "__ClassName__": "TrendGraphStrategy",
                "__ClassData__": {
                    "key": "Ex7",
                    "display_names": {
                        "In1": "In1",
                        "In2": "In2",
                        "In3": "In3"
                    },
                    "colors": {
                        "In1": "red",
                        "In2": "blue",
                        "In3": "green"
                    },
                    "type": "line",
                    "data": {}
                }
            }
        }
    },
    "Ex8": {
        "__ModuleName__": "Framework.InputPort",
        "__ClassName__": "InputPort",
        "__ClassData__": {
            "_Component__parent": "Ex7",
            "_Component__tag": "Ex8",
            "_Component__name": "In1",
            "_Component__comment": "曲线输入1",
            "_dict": {},
            "_frame": null,
            "view": {},
            "x": 324.0,
            "y": 108.0,
            "pos": 0,
            "_DataPort__value": 0,
            "_InputPort__connector": "Ex14",
            "color": "red"
        }
    },
    "Ex9": {
        "__ModuleName__": "Framework.InputPort",
        "__ClassName__": "InputPort",
        "__ClassData__": {
            "_Component__parent": "Ex7",
            "_Component__tag": "Ex9",
            "_Component__name": "In2",
            "_Component__comment": "曲线输入2",
            "_dict": {},
            "_frame": null,
            "view": {},
            "x": 324.0,
            "y": 124.0,
            "pos": 1,
            "_DataPort__value": 0,
            "_InputPort__connector": null,
            "color": "blue"
        }
    },
    "Ex10": {
        "__ModuleName__": "Framework.InputPort",
        "__ClassName__": "InputPort",
        "__ClassData__": {
            "_Component__parent": "Ex7",
            "_Component__tag": "Ex10",
            "_Component__name": "In3",
            "_Component__comment": "曲线输入3",
            "_dict": {},
            "_frame": null,
            "view": {},
            "x": 324.0,
            "y": 140.0,
            "pos": 2,
            "_DataPort__value": 0,
            "_InputPort__connector": null,
            "color": "green"
        }
    },
    "Ex11": {
        "__ModuleName__": "Framework.InputPort",
        "__ClassName__": "InputPort",
        "__ClassData__": {
            "_Component__parent": "Ex7",
            "_Component__tag": "Ex11",
            "_Component__name": "Type",
            "_Component__comment": "0：趋势曲线,1:柱状图",
            "_dict": {},
            "_frame": null,
            "view": {},
            "x": 324.0,
            "y": 156.0,
            "pos": 3,
            "_DataPort__value": 0,
            "_InputPort__connector": null,
            "color": "black"
        }
    },
    "Ex12": {
        "__ModuleName__": "Framework.InputPort",
        "__ClassName__": "InputPort",
        "__ClassData__": {
            "_Component__parent": "Ex7",
            "_Component__tag": "Ex12",
            "_Component__name": "min",
            "_Component__comment": "表示下限",
            "_dict": {},
            "_frame": null,
            "view": {},
            "x": 324.0,
            "y": 172.0,
            "pos": 4,
            "_DataPort__value": -10,
            "_InputPort__connector": null,
            "color": "black"
        }
    },
    "Ex13": {
        "__ModuleName__": "Framework.InputPort",
        "__ClassName__": "InputPort",
        "__ClassData__": {
            "_Component__parent": "Ex7",
            "_Component__tag": "Ex13",
            "_Component__name": "max",
            "_Component__comment": "表示上限",
            "_dict": {},
            "_frame": null,
            "view": {},
            "x": 324.0,
            "y": 188.0,
            "pos": 5,
            "_DataPort__value": 10,
            "_InputPort__connector": null,
            "color": "black"
        }
    },
    "Ex14": {
        "__ModuleName__": "FunctionBlock.FbdConnector",
        "__ClassName__": "FbdConnector",
        "__ClassData__": {
            "_Component__parent": "Ex1",
            "_Component__tag": "Ex14",
            "_Component__name": "",
            "_Component__comment": "",
            "_dict": {},
            "_frame": null,
            "view": {},
            "_Connector__out_tag": "Ex6",
            "_Connector__in_tag": "Ex8",
            "active": null,
            "coords": [
                166.0,
                140.0,
                284.0,
                140.0,
                284.0,
                108.0,
                314.0,
                108.0
            ]
        }
    }
}