{
    "tag_factory": {
        "__ModuleName__": "Framework.TagFactory",
        "__ClassName__": "TagFactory",
        "__ClassData__": {
            "current": 24,
            "f_tag": "tag_factory"
        }
    },
    "Ex1": {
        "__ModuleName__": "Framework.TopDiagram",
        "__ClassName__": "TopDiagram",
        "__ClassData__": {
            "_Component__parent": null,
            "_Component__tag": "Ex1",
            "_Component__name": "Top",
            "_Component__comment": "",
            "_dict": {},
            "_frame": null,
            "view": {},
            "_Composite__children": [
                "Ex2",
                "Ex7",
                "Ex14",
                "Ex21",
                "Ex22",
                "Ex23"
            ],
            "type": "Function Block Diagram",
            "factorys": {}
        }
    },
    "Ex2": {
        "__ModuleName__": "FunctionBlock.GeneratorFun",
        "__ClassName__": "GeneratorFun",
        "__ClassData__": {
            "_Component__parent": "Ex1",
            "_Component__tag": "Ex2",
            "_Component__name": "Generator",
            "_Component__comment": "信号发生器",
            "_dict": {},
            "_frame": null,
            "view": {},
            "_Composite__children": [
                "Ex3",
                "Ex4",
                "Ex5",
                "Ex6"
            ],
            "_caption_height": 20,
            "top_offset": 0,
            "x": 184.0,
            "y": 120.0,
            "width": 80,
            "bottom_margin": 0.5,
            "last_pos": 2,
            "strategy": {
                "__ModuleName__": "FunctionBlock.GeneratorStrategy",
                "__ClassName__": "GeneratorStrategy",
                "__ClassData__": {
                    "key": "Ex2",
                    "generator": {
                        "__ModuleName__": "FunctionBlock.SinGenerator",
                        "__ClassName__": "SinGenerator",
                        "__ClassData__": {
                            "t": 251
                        }
                    }
                }
            }
        }
    },
    "Ex3": {
        "__ModuleName__": "Framework.InputPort",
        "__ClassName__": "InputPort",
        "__ClassData__": {
            "_Component__parent": "Ex2",
            "_Component__tag": "Ex3",
            "_Component__name": "Type",
            "_Component__comment": "0：正弦波,1:方波,2:三角波",
            "_dict": {},
            "_frame": null,
            "view": {},
            "x": 184.0,
            "y": 148.0,
            "pos": 0,
            "_DataPort__value": "0",
            "_InputPort__connector": null,
            "color": "black"
        }
    },
    "Ex4": {
        "__ModuleName__": "Framework.InputPort",
        "__ClassName__": "InputPort",
        "__ClassData__": {
            "_Component__parent": "Ex2",
            "_Component__tag": "Ex4",
            "_Component__name": "A",
            "_Component__comment": "振幅",
            "_dict": {},
            "_frame": null,
            "view": {},
            "x": 184.0,
            "y": 164.0,
            "pos": 1,
            "_DataPort__value": "5",
            "_InputPort__connector": null,
            "color": "black"
        }
    },
    "Ex5": {
        "__ModuleName__": "Framework.InputPort",
        "__ClassName__": "InputPort",
        "__ClassData__": {
            "_Component__parent": "Ex2",
            "_Component__tag": "Ex5",
            "_Component__name": "T",
            "_Component__comment": "周期",
            "_dict": {},
            "_frame": null,
            "view": {},
            "x": 184.0,
            "y": 180.0,
            "pos": 2,
            "_DataPort__value": "100",
            "_InputPort__connector": null,
            "color": "black"
        }
    },
    "Ex6": {
        "__ModuleName__": "Framework.OutputPort",
        "__ClassName__": "OutputPort",
        "__ClassData__": {
            "_Component__parent": "Ex2",
            "_Component__tag": "Ex6",
            "_Component__name": "Out",
            "_Component__comment": "输出",
            "_dict": {},
            "_frame": null,
            "view": {},
            "x": 264.0,
            "y": 148.0,
            "pos": 0,
            "_DataPort__value": 0,
            "_OutputPort__c_tags": [
                "Ex21",
                "Ex22"
            ]
        }
    },
    "Ex7": {
        "__ModuleName__": "FunctionBlock.GraphFun",
        "__ClassName__": "GraphFun",
        "__ClassData__": {
            "_Component__parent": "Ex1",
            "_Component__tag": "Ex7",
            "_Component__name": "Graph",
            "_Component__comment": "趋势曲线图",
            "_dict": {},
            "_frame": null,
            "view": {},
            "_Composite__children": [
                "Ex8",
                "Ex9",
                "Ex10",
                "Ex11",
                "Ex12",
                "Ex13"
            ],
            "_caption_height": 20,
            "top_offset": 0,
            "x": 536.0,
            "y": 120.0,
            "width": 200,
            "bottom_margin": 2,
            "last_pos": 5,
            "strategy": {
                "__ModuleName__": "FunctionBlock.TrendGraphStrategy",
                "__ClassName__": "TrendGraphStrategy",
                "__ClassData__": {
                    "key": "Ex7",
                    "display_names": {
                        "In1": "In1",
                        "In2": "In2",
                        "In3": "In3"
                    },
                    "colors": {
                        "In1": "red",
                        "In2": "blue",
                        "In3": "green"
                    },
                    "type": "line",
                    "data": {}
                }
            }
        }
    },
    "Ex8": {
        "__ModuleName__": "Framework.InputPort",
        "__ClassName__": "InputPort",
        "__ClassData__": {
            "_Component__parent": "Ex7",
            "_Component__tag": "Ex8",
            "_Component__name": "In1",
            "_Component__comment": "曲线输入1",
            "_dict": {},
            "_frame": null,
            "view": {},
            "x": 536.0,
            "y": 148.0,
            "pos": 0,
            "_DataPort__value": 0,
            "_InputPort__connector": "Ex21",
            "color": "red"
        }
    },
    "Ex9": {
        "__ModuleName__": "Framework.InputPort",
        "__ClassName__": "InputPort",
        "__ClassData__": {
            "_Component__parent": "Ex7",
            "_Component__tag": "Ex9",
            "_Component__name": "In2",
            "_Component__comment": "曲线输入2",
            "_dict": {},
            "_frame": null,
            "view": {},
            "x": 536.0,
            "y": 164.0,
            "pos": 1,
            "_DataPort__value": 0,
            "_InputPort__connector": "Ex23",
            "color": "blue"
        }
    },
    "Ex10": {
        "__ModuleName__": "Framework.InputPort",
        "__ClassName__": "InputPort",
        "__ClassData__": {
            "_Component__parent": "Ex7",
            "_Component__tag": "Ex10",
            "_Component__name": "In3",
            "_Component__comment": "曲线输入3",
            "_dict": {},
            "_frame": null,
            "view": {},
            "x": 536.0,
            "y": 180.0,
            "pos": 2,
            "_DataPort__value": 0,
            "_InputPort__connector": null,
            "color": "green"
        }
    },
    "Ex11": {
        "__ModuleName__": "Framework.InputPort",
        "__ClassName__": "InputPort",
        "__ClassData__": {
            "_Component__parent": "Ex7",
            "_Component__tag": "Ex11",
            "_Component__name": "Type",
            "_Component__comment": "0：趋势曲线,1:柱状图",
            "_dict": {},
            "_frame": null,
            "view": {},
            "x": 536.0,
            "y": 196.0,
            "pos": 3,
            "_DataPort__value": 0,
            "_InputPort__connector": null,
            "color": "black"
        }
    },
    "Ex12": {
        "__ModuleName__": "Framework.InputPort",
        "__ClassName__": "InputPort",
        "__ClassData__": {
            "_Component__parent": "Ex7",
            "_Component__tag": "Ex12",
            "_Component__name": "min",
            "_Component__comment": "表示下限",
            "_dict": {},
            "_frame": null,
            "view": {},
            "x": 536.0,
            "y": 212.0,
            "pos": 4,
            "_DataPort__value": -10,
            "_InputPort__connector": null,
            "color": "black"
        }
    },
    "Ex13": {
        "__ModuleName__": "Framework.InputPort",
        "__ClassName__": "InputPort",
        "__ClassData__": {
            "_Component__parent": "Ex7",
            "_Component__tag": "Ex13",
            "_Component__name": "max",
            "_Component__comment": "表示上限",
            "_dict": {},
            "_frame": null,
            "view": {},
            "x": 536.0,
            "y": 228.0,
            "pos": 5,
            "_DataPort__value": 10,
            "_InputPort__connector": null,
            "color": "black"
        }
    },
    "Ex14": {
        "__ModuleName__": "FunctionBlock.MathFun",
        "__ClassName__": "MathFun",
        "__ClassData__": {
            "_Component__parent": "Ex1",
            "_Component__tag": "Ex14",
            "_Component__name": "Math",
            "_Component__comment": "自定义数学运算\n支持四则运算,指数运算，三角函数等",
            "_dict": {},
            "_frame": null,
            "view": {},
            "_Composite__children": [
                "Ex15",
                "Ex16",
                "Ex17",
                "Ex18",
                "Ex19",
                "Ex20"
            ],
            "_caption_height": 20,
            "top_offset": 0,
            "x": 368.0,
            "y": 192.0,
            "width": 80,
            "bottom_margin": 0.5,
            "last_pos": 3,
            "strategy": {
                "__ModuleName__": "FunctionBlock.MathFunStrategy",
                "__ClassName__": "MathFunStrategy",
                "__ClassData__": {
                    "key": "Ex14",
                    "exprs": {
                        "Out1": [
                            "sin(In1)*0.5-cos(In1)/2",
                            ""
                        ],
                        "Out2": [
                            "",
                            ""
                        ]
                    }
                }
            }
        }
    },
    "Ex15": {
        "__ModuleName__": "Framework.InputPort",
        "__ClassName__": "InputPort",
        "__ClassData__": {
            "_Component__parent": "Ex14",
            "_Component__tag": "Ex15",
            "_Component__name": "In1",
            "_Component__comment": "运算输入1",
            "_dict": {},
            "_frame": null,
            "view": {},
            "x": 368.0,
            "y": 220.0,
            "pos": 0,
            "_DataPort__value": 0,
            "_InputPort__connector": "Ex22",
            "color": "black"
        }
    },
    "Ex16": {
        "__ModuleName__": "Framework.InputPort",
        "__ClassName__": "InputPort",
        "__ClassData__": {
            "_Component__parent": "Ex14",
            "_Component__tag": "Ex16",
            "_Component__name": "In2",
            "_Component__comment": "运算输入2",
            "_dict": {},
            "_frame": null,
            "view": {},
            "x": 368.0,
            "y": 236.0,
            "pos": 1,
            "_DataPort__value": "0",
            "_InputPort__connector": null,
            "color": "black"
        }
    },
    "Ex17": {
        "__ModuleName__": "Framework.InputPort",
        "__ClassName__": "InputPort",
        "__ClassData__": {
            "_Component__parent": "Ex14",
            "_Component__tag": "Ex17",
            "_Component__name": "In3",
            "_Component__comment": "运算输入3",
            "_dict": {},
            "_frame": null,
            "view": {},
            "x": 368.0,
            "y": 252.0,
            "pos": 2,
            "_DataPort__value": "0",
            "_InputPort__connector": null,
            "color": "black"
        }
    },
    "Ex18": {
        "__ModuleName__": "Framework.InputPort",
        "__ClassName__": "InputPort",
        "__ClassData__": {
            "_Component__parent": "Ex14",
            "_Component__tag": "Ex18",
            "_Component__name": "In4",
            "_Component__comment": "运算输入3",
            "_dict": {},
            "_frame": null,
            "view": {},
            "x": 368.0,
            "y": 268.0,
            "pos": 3,
            "_DataPort__value": "0",
            "_InputPort__connector": null,
            "color": "black"
        }
    },
    "Ex19": {
        "__ModuleName__": "Framework.OutputPort",
        "__ClassName__": "OutputPort",
        "__ClassData__": {
            "_Component__parent": "Ex14",
            "_Component__tag": "Ex19",
            "_Component__name": "Out1",
            "_Component__comment": "运算输出1表达式,自由输入",
            "_dict": {},
            "_frame": null,
            "view": {},
            "x": 448.0,
            "y": 220.0,
            "pos": 0,
            "_DataPort__value": 0,
            "_OutputPort__c_tags": [
                "Ex23"
            ]
        }
    },
    "Ex20": {
        "__ModuleName__": "Framework.OutputPort",
        "__ClassName__": "OutputPort",
        "__ClassData__": {
            "_Component__parent": "Ex14",
            "_Component__tag": "Ex20",
            "_Component__name": "Out2",
            "_Component__comment": "运算输出2表达式,自由输入",
            "_dict": {},
            "_frame": null,
            "view": {},
            "x": 448.0,
            "y": 236.0,
            "pos": 1,
            "_DataPort__value": 0,
            "_OutputPort__c_tags": []
        }
    },
    "Ex21": {
        "__ModuleName__": "FunctionBlock.FbdConnector",
        "__ClassName__": "FbdConnector",
        "__ClassData__": {
            "_Component__parent": "Ex1",
            "_Component__tag": "Ex21",
            "_Component__name": "",
            "_Component__comment": "",
            "_dict": {},
            "_frame": null,
            "view": {},
            "_Connector__out_tag": "Ex6",
            "_Connector__in_tag": "Ex8",
            "active": null,
            "coords": [
                274.0,
                148.0,
                468.0,
                148.0,
                468.0,
                148.0,
                526.0,
                148.0
            ]
        }
    },
    "Ex22": {
        "__ModuleName__": "FunctionBlock.FbdConnector",
        "__ClassName__": "FbdConnector",
        "__ClassData__": {
            "_Component__parent": "Ex1",
            "_Component__tag": "Ex22",
            "_Component__name": "",
            "_Component__comment": "",
            "_dict": {},
            "_frame": null,
            "view": {},
            "_Connector__out_tag": "Ex6",
            "_Connector__in_tag": "Ex15",
            "active": null,
            "coords": [
                274.0,
                148.0,
                316.0,
                148.0,
                316.0,
                220.0,
                358.0,
                220.0
            ]
        }
    },
    "Ex23": {
        "__ModuleName__": "FunctionBlock.FbdConnector",
        "__ClassName__": "FbdConnector",
        "__ClassData__": {
            "_Component__parent": "Ex1",
            "_Component__tag": "Ex23",
            "_Component__name": "",
            "_Component__comment": "",
            "_dict": {},
            "_frame": null,
            "view": {},
            "_Connector__out_tag": "Ex19",
            "_Connector__in_tag": "Ex9",
            "active": null,
            "coords": [
                458.0,
                220.0,
                496.0,
                220.0,
                496.0,
                164.0,
                526.0,
                164.0
            ]
        }
    }
}